Datetime,Adj Close,Close,High,Low,Open,Volume,close,open,high,low,volume,ema8,above_ema8,ema8_distance,ma5,ma20,tp_volume,date,cum_tp_volume,cum_volume,vwap,above_vwap,vwap_distance,tr1,tr2,tr3,tr,atr14,volume_ma20,volume_ratio,volume_spike,body,upper_shadow,lower_shadow,day_position,future_high_30,future_low_30,future_high_60,future_low_60,mfe_30,mae_30,mfe_60,mae_60,strong_buy_label,high_risk_label,weak_buy_label,reward_risk_ratio_60,good_rr_label,buy_probability,expected_profit,expected_loss,rr,win
2026-02-25 05:15:00+00:00,204000.0,204000.0,205500.0,204000.0,205250.0,398961,204000.0,205250.0,205500.0,204000.0,398961,204847.60822640848,0,-847.6082264084835,205200.0,204450.0,81587524500.0,2026-02-25,3635486263083.3335,17869752,203443.57678177813,1,556.4232182218693,1500.0,500.0,1000.0,1500.0,803.5714285714286,216859.85,1.839718140540999,0,1250.0,250.0,0.0,0.5,204500.0,203000.0,214000.0,203000.0,500.0,1000.0,10000.0,1000.0,1,0,0,10.0,1,0.80733216,10000.0,1000.0,10.0,1
2026-02-25 05:20:00+00:00,203500.0,203500.0,204500.0,203500.0,204000.0,350961,203500.0,204000.0,204500.0,203500.0,350961,204548.13973165103,0,-1048.1397316510556,204700.0,204425.0,71537550500.0,2026-02-25,3707023813583.3335,18220713,203451.08413613305,1,48.91586386694689,1000.0,500.0,500.0,1000.0,839.2857142857143,223373.0,1.5711881024116612,0,500.0,500.0,0.0,0.375,204000.0,203000.0,214000.0,203000.0,500.0,500.0,10500.0,500.0,1,0,0,21.0,1,0.7436489,10500.0,500.0,21.0,1
2026-02-25 05:45:00+00:00,204000.0,204000.0,204000.0,203000.0,203250.0,509021,204000.0,203250.0,204000.0,203000.0,509021,203863.68244119053,1,136.31755880947458,203600.0,204375.0,103670610333.33331,2026-02-25,3999006047916.6665,19655082,203459.13834990188,1,540.8616500981152,1000.0,1000.0,0.0,1000.0,821.4285714285714,254169.8,2.0026808849831883,1,750.0,0.0,250.0,0.3333333333333333,214000.0,203000.0,217500.0,203000.0,10000.0,1000.0,13500.0,1000.0,1,0,0,13.5,1,0.761984,13500.0,1000.0,13.5,1
2026-02-26 00:00:00+00:00,208000.0,208000.0,209000.0,206000.0,206500.0,2010629,208000.0,206500.0,209000.0,206000.0,2010629,204517.4802158139,1,3482.5197841860645,204200.0,204475.0,417540622333.3333,2026-02-26,417540622333.3333,2010629,207666.66666666663,1,333.33333333334303,3000.0,6000.0,3000.0,6000.0,1214.2857142857142,362213.05,5.550956819474064,1,1500.0,1000.0,500.0,0.8333333333333334,216000.0,208000.0,217500.0,208000.0,8000.0,0.0,9500.0,0.0,1,0,0,9500.0,1,0.7507811,9500.0,0.0,9500.0,1
2026-02-26 00:05:00+00:00,209750.0,209750.0,210000.0,208000.0,208500.0,632615,209750.0,208500.0,210000.0,208000.0,632615,205680.2623900775,1,4069.737609922507,205550.0,204762.5,132374688750.0,2026-02-26,549915311083.3333,2643244,208045.61027409247,1,1704.389725907531,2000.0,2000.0,0.0,2000.0,1250.0,385796.8,1.6397621753213092,0,1250.0,250.0,500.0,0.9642857142857144,216000.0,209500.0,217500.0,209500.0,6250.0,250.0,7750.0,250.0,1,0,0,31.0,1,0.7619975,7750.0,250.0,31.0,1
2026-02-26 04:55:00+00:00,214000.0,214000.0,216000.0,214000.0,215500.0,611091,214000.0,215500.0,216000.0,214000.0,611091,215001.27904319533,0,-1001.2790431953326,215300.0,215000.0,131180868000.0,2026-02-26,4523958145333.333,21191591,213478.92875685135,1,521.0712431486172,2000.0,500.0,1500.0,2000.0,785.7142857142857,202731.3,3.01429034391828,1,1500.0,500.0,0.0,0.5555555555555556,216500.0,213500.0,217000.0,213500.0,2500.0,500.0,3000.0,500.0,1,0,0,6.0,1,0.7922823,3000.0,500.0,6.0,1
2026-02-27 00:00:00+00:00,214000.0,214000.0,214500.0,210000.0,210000.0,4080063,214000.0,210000.0,214500.0,210000.0,4080063,215573.74842972623,0,-1573.7484297262272,215850.0,215425.0,868373408500.0,2026-02-27,868373408500.0,4080063,212833.33333333337,1,1166.666666666657,4500.0,1500.0,6000.0,6000.0,1357.142857142857,505927.85,8.064515523310291,1,4000.0,500.0,0.0,0.5714285714285714,220000.0,213500.0,220000.0,213000.0,6000.0,500.0,6000.0,1000.0,1,0,0,6.0,1,0.7699993,6000.0,1000.0,6.0,1
2026-03-03 00:10:00+00:00,207500.0,207500.0,210500.0,207500.0,210500.0,1792424,207500.0,210500.0,210500.0,207500.0,1792424,214343.52994043837,0,-6843.5299404383695,213250.0,218012.5,373720404000.0,2026-03-03,548911555000.0,2624686,209134.1802409888,0,-1634.1802409888187,3000.0,0.0,3000.0,3000.0,2267.8571428571427,465136.05,3.8535477953170902,1,3000.0,0.0,0.0,0.0,212000.0,207000.0,212500.0,207000.0,4500.0,500.0,5000.0,500.0,1,0,0,10.0,1,0.9375247,5000.0,500.0,10.0,1
2026-03-03 00:15:00+00:00,208750.0,208750.0,209000.0,207000.0,207500.0,1149119,208750.0,207500.0,209000.0,207000.0,1149119,213100.5232870076,0,-4350.523287007614,211100.0,217600.0,239304031750.0,2026-03-03,788215586750.0,3773805,208864.9484406322,0,-114.9484406322008,2000.0,1500.0,500.0,2000.0,2267.8571428571427,517825.45,2.219124224195624,1,1250.0,250.0,500.0,0.109375,212500.0,207500.0,212500.0,207500.0,3750.0,1250.0,3750.0,1250.0,1,0,0,3.0,1,0.8620259,3750.0,1250.0,3.0,1
2026-03-03 03:05:00+00:00,202000.0,202000.0,203750.0,202000.0,203500.0,804579,202000.0,203500.0,203750.0,202000.0,804579,204331.4436959488,0,-2331.4436959487794,203900.0,206587.5,162994295750.0,2026-03-03,4402152964250.0,21131451,208322.32316891063,0,-6322.323168910632,1750.0,250.0,1500.0,1750.0,1535.7142857142858,489298.75,1.644351227138839,0,1500.0,250.0,0.0,0.0,204500.0,200000.0,204500.0,200000.0,2500.0,2000.0,2500.0,2000.0,1,1,0,1.25,0,0.8788204,2500.0,2000.0,1.25,1
2026-03-03 04:50:00+00:00,197600.0,197600.0,198900.0,197600.0,198700.0,1107353,197600.0,198700.0,198900.0,197600.0,1107353,199482.55079530855,0,-1882.550795308576,199080.0,201057.5,219292805766.6667,2026-03-03,7008873622150.0,34106108,205502.0063312413,0,-7902.006331241311,1300.0,200.0,1100.0,1300.0,1096.428571428571,601951.7,1.8396044067987516,0,1100.0,200.0,0.0,0.0,201000.0,196000.0,201000.0,196000.0,3400.0,1600.0,3400.0,1600.0,1,0,0,2.125,1,0.90920943,3400.0,1600.0,2.125,1
2026-03-03 04:55:00+00:00,197500.0,197500.0,197800.0,196000.0,197600.0,1381296,197500.0,197600.0,197800.0,196000.0,1381296,199041.98395190667,0,-1541.9839519066736,198580.0,200770.0,272253441600.0,2026-03-03,7281127063750.0,35487404,205174.97035708785,0,-7674.970357087819,1800.0,200.0,1600.0,1800.0,1117.857142857143,644135.6,2.1444180386862643,1,100.0,200.0,1500.0,0.0909090909090909,201000.0,197200.0,201000.0,195500.0,3500.0,300.0,3500.0,2000.0,1,1,0,1.75,0,0.7797405,3500.0,2000.0,1.75,1
2026-03-04 00:00:00+00:00,179800.0,179800.0,185400.0,179600.0,184200.0,6040894,179800.0,184200.0,185400.0,179600.0,6040894,193608.368718781,0,-13808.368718781014,193300.0,197875.0,1097026350400.0,2026-03-04,1097026350400.0,6040894,181600.0,0,-1800.0,5800.0,10600.0,16400.0,16400.0,2407.1428571428573,1039607.35,5.810745758963709,1,4400.0,1200.0,200.0,0.0070422535211267,195900.0,179600.0,195900.0,179600.0,16100.0,200.0,16100.0,200.0,1,0,0,80.5,1,0.82902724,16100.0,200.0,80.5,1
2026-03-05 00:05:00+00:00,193300.0,193300.0,196700.0,192400.0,195900.0,2937272,193300.0,195900.0,196700.0,192400.0,2937272,183559.50557998804,1,9740.494420011964,183980.0,178380.0,570222404266.6667,2026-03-05,1268310696200.0,6512323,194755.49603421084,0,-1455.4960342108388,4300.0,800.0,3500.0,4300.0,3107.1428571428573,940702.55,3.1224237672152584,1,2600.0,800.0,900.0,0.8617886178861789,199700.0,192300.0,199700.0,192300.0,6400.0,1000.0,6400.0,1000.0,1,0,0,6.4,1,0.89379483,6400.0,1000.0,6.4,1
2026-03-05 00:10:00+00:00,194400.0,194400.0,194400.0,192300.0,193300.0,2088156,194400.0,193300.0,194400.0,192300.0,2088156,185968.5043399907,1,8431.4956600093,187500.0,179195.0,404475817200.0,2026-03-05,1672786513400.0,8600479,194499.22654307977,0,-99.22654307974152,2100.0,1100.0,1000.0,2100.0,3121.4285714285716,1006333.9,2.075013074686245,1,1100.0,0.0,1000.0,0.9065040650406504,199700.0,194100.0,199700.0,194100.0,5300.0,300.0,5300.0,300.0,1,0,0,17.666666666666668,1,0.8656219,5300.0,300.0,17.666666666666668,1
2026-03-05 00:15:00+00:00,195700.0,195700.0,195700.0,194100.0,194400.0,1622771,195700.0,194400.0,195700.0,194100.0,1622771,188131.05893110388,1,7568.941068896122,191160.0,180175.0,316710806833.3333,2026-03-05,1989497320233.3333,10223250,194605.17156807604,1,1094.828431923961,1600.0,1300.0,300.0,1600.0,3157.1428571428573,1045328.45,1.5524029791784584,0,1300.0,0.0,300.0,0.959349593495935,199700.0,195000.0,199700.0,195000.0,4000.0,700.0,4000.0,700.0,1,0,0,5.714285714285714,1,0.77822256,4000.0,700.0,5.714285714285714,1
2026-03-05 03:45:00+00:00,189200.0,189200.0,190800.0,189100.0,190800.0,842605,189200.0,190800.0,190800.0,189100.0,842605,190999.25747686956,0,-1799.257476869563,190640.0,192127.5,159842168500.0,2026-03-05,7323674411116.667,37621789,194665.76698722824,0,-5465.766987228242,1700.0,0.0,1700.0,1700.0,1050.0,380301.5,2.215623656493598,1,1600.0,0.0,100.0,0.5550847457627118,190700.0,188100.0,193600.0,188100.0,1500.0,1100.0,4400.0,1100.0,1,0,0,4.0,1,0.81253916,4400.0,1100.0,4.0,1
2026-03-05 03:50:00+00:00,189800.0,189800.0,189900.0,188200.0,189200.0,775975,189800.0,189200.0,189900.0,188200.0,775975,190732.755815343,0,-932.755815343,190300.0,191957.5,146892067500.0,2026-03-05,7470566478616.667,38397764,194557.33095855964,0,-4757.3309585596435,1700.0,700.0,1000.0,1700.0,1100.0,395379.5,1.962608076544181,0,600.0,100.0,1000.0,0.5732758620689655,191000.0,188100.0,193700.0,188100.0,1200.0,1700.0,3900.0,1700.0,1,0,0,2.2941176470588234,1,0.8581722,3900.0,1700.0,2.2941176470588234,1
2026-03-09 00:20:00+00:00,171300.0,171300.0,172400.0,171000.0,172000.0,1188818,171300.0,172000.0,172400.0,171000.0,1188818,177038.46408701295,0,-5738.4640870129515,173240.0,183705.0,203961541533.3333,2026-03-09,808140129066.6666,4668828,173092.71814396817,0,-1792.7181439681735,1400.0,400.0,1000.0,1400.0,2228.5714285714284,417197.75,2.849531187548351,1,700.0,400.0,300.0,0.0168539325842696,174200.0,170600.0,174200.0,170000.0,2900.0,700.0,2900.0,1300.0,1,0,0,2.230769230769231,1,0.82265276,2900.0,1300.0,2.230769230769231,1
2026-03-09 02:00:00+00:00,168300.0,168300.0,169900.0,168000.0,169200.0,2211548,168300.0,169200.0,169900.0,168000.0,2211548,170110.80443720633,0,-1810.8044372063305,169820.0,171675.0,373161865866.6667,2026-03-09,2827905832866.6665,16488485,171507.9240370881,0,-3207.924037088087,1900.0,600.0,1300.0,1900.0,1121.428571428571,824424.25,2.682536327625006,1,900.0,700.0,300.0,0.0144230769230769,171500.0,168100.0,172800.0,168100.0,3200.0,200.0,4500.0,200.0,1,0,0,22.5,1,0.97547066,4500.0,200.0,22.5,1
2026-03-09 04:55:00+00:00,167600.0,167600.0,168200.0,167500.0,168000.0,673564,167600.0,168000.0,168200.0,167500.0,673564,168380.83557469025,0,-780.8355746902525,168130.0,169322.5,113001587066.66666,2026-03-09,4982641580650.0,29175455,170781.96657601398,0,-3181.966576013976,700.0,100.0,600.0,700.0,485.7142857142857,317582.85,2.1209079772412145,1,400.0,200.0,100.0,0.0149253731343283,172700.0,167300.0,173900.0,167300.0,5100.0,300.0,6300.0,300.0,1,0,0,21.0,1,0.98318934,6300.0,300.0,21.0,1
2026-03-09 05:00:00+00:00,168500.0,168500.0,168500.0,167300.0,167600.0,519967,168500.0,167600.0,168500.0,167300.0,519967,168407.31655809245,1,92.68344190757487,168170.0,169207.5,87406452700.0,2026-03-09,5070048033350.0,29695422,170735.005326747,0,-2235.005326746992,1200.0,900.0,300.0,1200.0,514.2857142857143,330141.8,1.5749808112756398,0,900.0,0.0,300.0,0.1875,173700.0,168400.0,188000.0,168400.0,5200.0,100.0,19500.0,100.0,1,0,0,195.0,1,0.9790196,19500.0,100.0,195.0,1
2026-03-09 05:20:00+00:00,171600.0,171600.0,171700.0,168400.0,168700.0,925537,171600.0,168700.0,171700.0,168400.0,925537,169503.21095198594,1,2096.789048014063,169680.0,169122.5,157865760966.66666,2026-03-09,5392564090750.0,31593633,170685.15326331733,1,914.8467366826662,3300.0,3000.0,300.0,3300.0,864.2857142857143,365125.0,2.534849709003766,1,2900.0,100.0,300.0,0.7818181818181819,173900.0,171100.0,188000.0,171100.0,2300.0,500.0,16400.0,500.0,1,0,0,32.8,1,0.9541805,16400.0,500.0,32.8,1
2026-03-09 05:25:00+00:00,172250.0,172250.0,172700.0,171100.0,171650.0,830320,172250.0,171650.0,172700.0,171100.0,830320,170113.6085182113,1,2136.391481788713,170430.0,169250.0,142828878666.66666,2026-03-09,5535392969416.667,32423953,170719.2509629121,1,1530.749037087895,1600.0,1100.0,500.0,1600.0,964.2857142857144,390169.35,2.1281015538509114,1,600.0,450.0,550.0,0.9,173900.0,171200.0,188400.0,171200.0,1650.0,1050.0,16150.0,1050.0,1,0,0,15.38095238095238,1,0.96382725,16150.0,1050.0,15.380952380952381,1
2026-03-09 05:30:00+00:00,173000.0,173000.0,173700.0,172000.0,172250.0,980116,173000.0,172250.0,173700.0,172000.0,980116,170755.02884749768,1,2244.971152502316,171090.0,169415.0,169462056400.0,2026-03-09,5704855025816.667,33404069,170783.2367912025,1,2216.763208797493,1700.0,1450.0,250.0,1700.0,1064.2857142857142,423685.6,2.3133096805744637,1,750.0,700.0,250.0,0.890625,188000.0,171200.0,188500.0,171200.0,15000.0,1800.0,15500.0,1800.0,1,0,0,8.61111111111111,1,0.952835,15500.0,1800.0,8.61111111111111,1
2026-03-09 05:35:00+00:00,172800.0,172800.0,173700.0,172000.0,173000.0,718973,172800.0,173000.0,173700.0,172000.0,718973,171209.46688138708,1,1590.5331186129188,171670.0,169585.0,124262500166.66669,2026-03-09,5829117525983.333,34123042,170826.43235568894,1,1973.567644311057,1700.0,700.0,1000.0,1700.0,1164.2857142857142,445953.35,1.6122157171820777,0,200.0,700.0,800.0,0.859375,188000.0,171200.0,188600.0,171200.0,15200.0,1600.0,15800.0,1600.0,1,0,0,9.875,1,0.95744985,15800.0,1600.0,9.875,1
2026-03-10 00:00:00+00:00,187100.0,187100.0,188000.0,186500.0,187600.0,2791923,187100.0,187600.0,188000.0,186500.0,2791923,175465.34420355083,1,11634.655796449166,175560.0,171135.0,522647985600.0,2026-03-10,522647985600.0,2791923,187200.0,0,-100.0,1500.0,15100.0,13600.0,15100.0,2464.285714285714,621345.6,4.493349594814866,1,500.0,400.0,600.0,0.9565217391304348,188500.0,185200.0,190800.0,185200.0,1400.0,1900.0,3700.0,1900.0,1,0,0,1.9473684210526316,0,0.8697517,3700.0,1900.0,1.9473684210526316,1
2026-03-10 00:05:00+00:00,186200.0,186200.0,187200.0,185200.0,187100.0,1165599,186200.0,187100.0,187200.0,185200.0,1165599,177850.82326942842,1,8349.176730571577,178220.0,171990.0,217034533800.0,2026-03-10,739682519400.0,3957522,186905.47251537704,0,-705.4725153770414,2000.0,100.0,1900.0,2000.0,2557.1428571428573,667233.5,1.7469131870627,0,900.0,100.0,1000.0,0.9130434782608696,188600.0,185600.0,190800.0,185600.0,2400.0,600.0,4600.0,600.0,1,0,0,7.666666666666667,1,0.91255134,4600.0,600.0,7.666666666666667,1
2026-03-10 00:10:00+00:00,186500.0,186500.0,187400.0,185600.0,186200.0,1111122,186500.0,186200.0,187400.0,185600.0,1111122,179772.8625428888,1,6727.13745711121,181020.0,172880.0,207224253000.0,2026-03-10,946906772400.0,5068644,186816.58692147248,0,-316.58692147248075,1800.0,1200.0,600.0,1800.0,2600.0,700093.5,1.5871051509548368,0,300.0,900.0,600.0,0.927536231884058,189950.0,186500.0,190800.0,186500.0,3450.0,0.0,4300.0,0.0,1,0,0,4300.0,1,0.8899796,4300.0,0.0,4300.0,1
2026-03-10 03:45:00+00:00,184700.0,184700.0,185500.0,184500.0,185500.0,837407,184700.0,185500.0,185500.0,184500.0,837407,186276.6076372465,0,-1576.6076372464886,185990.0,187962.5,154836554300.0,2026-03-10,4337906197666.6665,23037627,188296.5722844053,0,-3596.5722844052652,1000.0,100.0,900.0,1000.0,967.8571428571428,319031.15,2.624844000342913,1,800.0,0.0,200.0,0.6582914572864321,186900.0,184300.0,187600.0,184300.0,2200.0,400.0,2900.0,400.0,1,0,0,7.25,1,0.8655323,2900.0,400.0,7.25,1
2026-03-11 00:00:00+00:00,190800.0,190800.0,193600.0,190600.0,193000.0,2263276,190800.0,193000.0,193600.0,190600.0,2263276,188084.2278050764,1,2715.7721949236,188040.0,187317.5,433794566666.6666,2026-03-11,433794566666.6666,2263276,191666.66666666663,0,-866.666666666657,3000.0,5600.0,2600.0,5600.0,1164.2857142857142,343493.25,6.588997018136455,1,2200.0,600.0,200.0,0.6989247311827957,193600.0,190700.0,193600.0,190200.0,2800.0,100.0,2800.0,600.0,1,0,0,4.666666666666667,1,0.7559315,2800.0,600.0,4.666666666666667,1
2026-03-12 00:05:00+00:00,187100.0,187100.0,187800.0,186200.0,187500.0,712143,187100.0,187500.0,187800.0,186200.0,712143,189425.60188345463,0,-2325.601883454656,188760.0,192087.5,133194479100.0,2026-03-12,432160177733.3333,2306060,187401.96600840104,0,-301.9660084010393,1600.0,200.0,1400.0,1600.0,1146.428571428571,429559.35,1.6578454176355375,0,400.0,300.0,900.0,0.1046511627906976,190000.0,186600.0,190000.0,186600.0,2900.0,500.0,2900.0,500.0,1,0,0,5.8,1,0.7099689,2900.0,500.0,5.8,1
2026-03-13 00:05:00+00:00,180800.0,180800.0,181200.0,180350.0,181150.0,501204,180800.0,181150.0,181200.0,180350.0,501204,184746.37775851568,0,-3946.3777585156786,184730.0,186545.0,90609329800.0,2026-03-13,365209812400.0,2020152,180783.33333333337,1,16.666666666656965,850.0,50.0,800.0,850.0,1114.2857142857142,233117.5,2.1500058983130823,1,350.0,50.0,450.0,0.1058823529411764,183500.0,180700.0,183900.0,180700.0,2700.0,100.0,3100.0,100.0,1,0,0,31.0,1,0.7981265,3100.0,100.0,31.0,1
2026-03-13 05:55:00+00:00,184200.0,184200.0,184400.0,183600.0,183700.0,225171,184200.0,183700.0,184400.0,183600.0,225171,183854.2258666999,1,345.7741333000886,183880.0,183455.0,41446475400.0,2026-03-13,2865633144616.6665,15638596,183241.07513338575,1,958.924866614223,800.0,600.0,200.0,800.0,517.8571428571429,148068.75,1.5207192604786628,0,500.0,200.0,100.0,0.4736842105263157,188000.0,185200.0,188000.0,185200.0,3800.0,-1000.0,3800.0,-1000.0,1,0,0,-3.8,0,0.94934607,3800.0,-1000.0,-3.8,1
2026-03-16 05:45:00+00:00,188100.0,188100.0,188300.0,187500.0,187600.0,464872,188100.0,187600.0,188300.0,187500.0,464872,187285.8061989411,1,814.1938010588929,187340.0,186945.0,87380440266.66666,2026-03-16,2689507858966.6665,14448887,186139.4485932838,1,1960.5514067162003,800.0,700.0,100.0,800.0,639.2857142857143,167176.35,2.780728254923618,1,500.0,200.0,100.0,0.9574468085106383,198000.0,188100.0,198000.0,188100.0,9900.0,0.0,9900.0,0.0,1,0,0,9900.0,1,0.8928952,9900.0,0.0,9900.0,1
2026-03-16 05:50:00+00:00,188300.0,188300.0,188800.0,188100.0,188100.0,537734,188300.0,188100.0,188800.0,188100.0,537734,187511.1825991764,1,788.8174008235801,187600.0,187035.0,101309085600.0,2026-03-16,2790816944566.6665,14986621,186220.55929529856,1,2079.4407047014392,700.0,700.0,0.0,700.0,625.0,189078.1,2.843978229102154,1,200.0,500.0,0.0,0.903846153846154,198000.0,188300.0,198000.0,188300.0,9700.0,0.0,9700.0,0.0,1,0,0,9700.0,1,0.8929542,9700.0,0.0,9700.0,1
2026-03-16 05:55:00+00:00,188800.0,188800.0,189000.0,188300.0,188300.0,340021,188800.0,188300.0,189000.0,188300.0,340021,187797.5864660261,1,1002.413533973886,188020.0,187115.0,64161962700.0,2026-03-16,2854978907266.6665,15326642,186275.56559790895,1,2524.4344020910503,700.0,700.0,0.0,700.0,617.8571428571429,194764.0,1.7458103140210717,0,500.0,200.0,0.0,0.9629629629629628,198000.0,195500.0,198000.0,195500.0,9200.0,-6700.0,9200.0,-6700.0,1,0,0,-1.373134328358209,0,0.85828435,9200.0,-6700.0,-1.373134328358209,1
2026-03-17 05:10:00+00:00,196750.0,196750.0,196800.0,196200.0,196300.0,234734,196750.0,196300.0,196800.0,196200.0,234734,196372.0409131714,1,377.9590868286032,196390.0,196190.0,46144792166.66667,2026-03-17,2687310643250.0,13675197,196509.8304068307,1,240.1695931692957,600.0,400.0,200.0,600.0,371.42857142857144,134791.7,1.7414573746009585,0,450.0,50.0,100.0,0.6176470588235294,197000.0,196400.0,203000.0,195300.0,250.0,350.0,6250.0,1450.0,1,0,0,4.310344827586207,1,0.8975464,6250.0,1450.0,4.310344827586207,1
2026-03-17 05:45:00+00:00,196200.0,196200.0,196700.0,196100.0,196700.0,285935,196200.0,196700.0,196700.0,196100.0,285935,196528.28418703028,0,-328.28418703028,196600.0,196380.0,56138571666.66667,2026-03-17,2919667954150.0,14856760,196521.17649810592,0,-321.1764981059241,600.0,100.0,500.0,600.0,371.42857142857144,149721.7,1.909776605528791,0,500.0,0.0,100.0,0.25,203000.0,195300.0,204500.0,195300.0,6800.0,900.0,8300.0,900.0,1,0,0,9.22222222222222,1,0.742377,8300.0,900.0,9.222222222222221,1
2026-03-17 05:55:00+00:00,195400.0,195400.0,196000.0,195300.0,196000.0,370717,195400.0,196000.0,196000.0,195300.0,370717,196168.9620390677,0,-768.962039067701,196140.0,196337.5,72499887966.66666,2026-03-17,3034714524716.6665,15444515,196491.40971514265,0,-1091.409715142654,700.0,100.0,600.0,700.0,400.0,166174.8,2.230885790143873,1,600.0,0.0,100.0,0.0476190476190476,203000.0,199700.0,206000.0,199700.0,7600.0,-4300.0,10600.0,-4300.0,1,0,0,-2.4651162790697674,0,0.8309691,10600.0,-4300.0,-2.4651162790697674,1
2026-03-18 00:00:00+00:00,201500.0,201500.0,201500.0,199700.0,200500.0,2264606,201500.0,200500.0,201500.0,199700.0,2264606,197353.6371414971,1,4146.362858502893,197120.0,196612.5,454959345400.0,2026-03-18,454959345400.0,2264606,200900.0,1,600.0,1800.0,6100.0,4300.0,6100.0,814.2857142857143,273834.35,8.269985120566504,1,1000.0,0.0,800.0,1.0,203500.0,201000.0,206500.0,201000.0,2000.0,500.0,5000.0,500.0,1,0,0,10.0,1,0.7771622,5000.0,500.0,10.0,1
2026-03-18 00:05:00+00:00,202500.0,202500.0,203000.0,201000.0,201500.0,1075466,202500.0,201500.0,203000.0,201000.0,1075466,198497.2733322755,1,4002.7266677244625,198300.0,196940.0,217423376333.3333,2026-03-18,672382721733.3333,3340072,201307.85256525408,1,1192.1474347459443,2000.0,1500.0,500.0,2000.0,928.5714285714286,322324.4,3.3365950576499945,1,1000.0,500.0,500.0,0.935064935064935,204000.0,201000.0,206500.0,201000.0,1500.0,1500.0,4000.0,1500.0,1,0,0,2.6666666666666665,1,0.7697986,4000.0,1500.0,2.6666666666666665,1
2026-03-18 00:10:00+00:00,203000.0,203000.0,203000.0,202000.0,202250.0,543721,203000.0,202250.0,203000.0,202000.0,543721,199497.87925843653,1,3502.120741563471,199660.0,197287.5,110194122666.66666,2026-03-18,782576844400.0,3883793,201498.08303377652,1,1501.916966223478,1000.0,500.0,500.0,1000.0,985.7142857142856,343630.75,1.58228272644401,0,750.0,0.0,250.0,1.0,204500.0,201000.0,206500.0,201000.0,1500.0,2000.0,3500.0,2000.0,1,1,0,1.75,0,0.7368113,3500.0,2000.0,1.75,1
2026-03-18 00:20:00+00:00,202000.0,202000.0,202500.0,201000.0,202000.0,639325,202000.0,202000.0,202500.0,201000.0,639325,200443.1615267085,1,1556.8384732914856,202150.0,197850.0,129037095833.33334,2026-03-18,1019995273566.6666,5059438,201602.4850124987,1,397.5149875012576,1500.0,750.0,750.0,1500.0,1128.571428571429,389691.45,1.6405928331247708,0,0.0,500.0,1000.0,0.8701298701298701,205000.0,201500.0,206500.0,201500.0,3000.0,500.0,4500.0,500.0,1,0,0,9.0,1,0.7760879,4500.0,500.0,9.0,1
2026-03-18 00:30:00+00:00,203000.0,203000.0,203500.0,201500.0,201750.0,677385,203000.0,201750.0,203500.0,201500.0,677385,201237.221170478,1,1762.7788295219943,202300.0,198447.5,137283360000.0,2026-03-18,1226437716816.6667,6079336,201738.76173593084,1,1261.2382640691649,2000.0,1750.0,250.0,2000.0,1314.2857142857142,422135.0,1.6046643846162958,0,1250.0,500.0,250.0,0.9390243902439024,206500.0,203000.0,206500.0,203000.0,3500.0,0.0,3500.0,0.0,1,0,0,3500.0,1,0.75454116,3500.0,0.0,3500.0,1
2026-03-19 00:00:00+00:00,200500.0,200500.0,201000.0,199600.0,199900.0,1720533,200500.0,199900.0,201000.0,199600.0,1720533,205829.69799781832,0,-5329.697997818323,206100.0,206287.5,344737462100.0,2026-03-19,344737462100.0,1720533,200366.66666666663,1,133.33333333334303,1400.0,7000.0,8400.0,8400.0,1385.7142857142858,305945.95,5.623650190499335,1,600.0,500.0,300.0,0.1071428571428571,203000.0,199700.0,203000.0,199600.0,2500.0,800.0,2500.0,900.0,1,0,0,2.7777777777777777,1,0.8356767,2500.0,900.0,2.7777777777777777,1
2026-03-19 05:30:00+00:00,200000.0,200000.0,201250.0,200000.0,201250.0,385549,200000.0,201250.0,201250.0,200000.0,385549,201025.29498724788,0,-1025.2949872478785,201050.0,201525.0,77270445416.66666,2026-03-19,3190645886850.0,15823249,201642.9044913595,0,-1642.9044913595137,1250.0,250.0,1000.0,1250.0,767.8571428571429,157810.65,2.4431114123159623,1,1250.0,0.0,0.0,0.0,202500.0,200000.0,202500.0,199400.0,2500.0,0.0,2500.0,600.0,1,0,0,4.166666666666667,1,0.8792018,2500.0,600.0,4.166666666666667,1
2026-03-23 00:45:00+00:00,188300.0,188300.0,189000.0,188100.0,189000.0,776672,188300.0,189000.0,189000.0,188100.0,776672,189908.21468142988,0,-1608.2146814298758,188960.0,194565.0,146376782933.3333,2026-03-23,1263951095200.0,6675788,189333.6180238198,0,-1033.618023819814,900.0,100.0,800.0,900.0,1382.142857142857,419416.05,1.8517937022200273,0,700.0,0.0,200.0,0.0149253731343283,189200.0,186300.0,190900.0,186300.0,900.0,2000.0,2600.0,2000.0,1,1,0,1.3,0,0.7933516,2600.0,2000.0,1.3,1
2026-03-23 00:50:00+00:00,187100.0,187100.0,188300.0,186900.0,188200.0,1148434,187100.0,188200.0,188300.0,186900.0,1148434,189284.16697444543,0,-2184.1669744454557,188500.0,193945.0,215254812733.33337,2026-03-23,1479205907933.3333,7824222,189054.69552542517,0,-1954.695525425166,1400.0,0.0,1400.0,1400.0,1460.7142857142858,464465.0,2.4725953516411354,1,1100.0,100.0,200.0,0.0136986301369863,189900.0,186300.0,190900.0,186300.0,2800.0,800.0,3800.0,800.0,1,0,0,4.75,1,0.89467645,3800.0,800.0,4.75,1
2026-03-23 05:20:00+00:00,187900.0,187900.0,188500.0,187700.0,188500.0,322114,187900.0,188500.0,188500.0,187700.0,322114,188246.78569421323,0,-346.7856942132348,188480.0,187995.0,60568169133.333336,2026-03-23,4200864164216.6665,22258391,188731.7086044839,0,-831.7086044838652,800.0,0.0,800.0,800.0,471.42857142857144,204639.4,1.574056608844631,0,600.0,0.0,200.0,0.1891891891891892,188300.0,186700.0,196000.0,186700.0,400.0,1200.0,8100.0,1200.0,1,0,0,6.75,1,0.9329022,8100.0,1200.0,6.75,1
2026-03-23 05:45:00+00:00,187000.0,187000.0,187600.0,187000.0,187500.0,555837,187000.0,187500.0,187600.0,187000.0,555837,187715.48590429375,0,-715.485904293746,187600.0,187990.0,104052686400.0,2026-03-23,4489986789083.333,23799796,188656.5241602631,0,-1656.5241602630997,600.0,0.0,600.0,600.0,471.42857142857144,216486.75,2.5675335788448947,1,500.0,100.0,0.0,0.0,196000.0,186700.0,196000.0,186700.0,9000.0,300.0,9000.0,300.0,1,0,0,30.0,1,0.9306194,9000.0,300.0,30.0,1
2026-03-23 05:50:00+00:00,186800.0,186800.0,187100.0,186700.0,187100.0,537649,186800.0,187100.0,187100.0,186700.0,537649,187512.04459222849,0,-712.0445922284562,187380.0,187940.0,100468676466.66666,2026-03-23,4590455465550.0,24337445,188616.98364598255,0,-1816.9836459825456,400.0,100.0,300.0,400.0,478.57142857142856,234561.15,2.2921485506018366,1,300.0,0.0,100.0,0.0263157894736842,196000.0,186700.0,196000.0,186700.0,9200.0,100.0,9200.0,100.0,1,0,0,92.0,1,0.9016533,9200.0,100.0,92.0,1
2026-03-24 05:00:00+00:00,188200.0,188200.0,189900.0,188100.0,189850.0,379768,188200.0,189850.0,189900.0,188100.0,379768,189205.5651772104,0,-1005.5651772104028,189210.0,189497.5,71674880533.33334,2026-03-24,3679106527050.0,19362523,190011.7317898086,0,-1811.731789808604,1800.0,50.0,1750.0,1800.0,817.8571428571429,190084.15,1.9978940905909304,0,1650.0,50.0,100.0,0.5510204081632653,190300.0,187700.0,195100.0,187700.0,2100.0,500.0,6900.0,500.0,1,0,0,13.8,1,0.791073,6900.0,500.0,13.8,1
2026-03-24 05:45:00+00:00,189600.0,189600.0,190100.0,189000.0,189300.0,342666,189600.0,189300.0,190100.0,189000.0,342666,188973.54270071667,1,626.4572992833273,188820.0,189022.5,64958051400.0,2026-03-24,4087690676883.3335,21526829,189888.1937921899,0,-288.193792189908,1100.0,900.0,200.0,1100.0,1117.857142857143,211181.15,1.6226164124970437,0,300.0,500.0,300.0,0.8367346938775511,196300.0,189200.0,196300.0,189200.0,6700.0,400.0,6700.0,400.0,1,0,0,16.75,1,0.7371057,6700.0,400.0,16.75,1
2026-03-27 03:50:00+00:00,175600.0,175600.0,175600.0,174400.0,174600.0,485110,175600.0,174600.0,175600.0,174400.0,485110,174406.88059888242,1,1193.119401117583,174640.0,173667.5,84991272000.0,2026-03-27,3076189647583.3335,17710930,173688.77001847635,1,1911.2299815236472,1200.0,950.0,250.0,1200.0,528.5714285714286,233705.05,2.0757360613302964,1,1000.0,0.0,200.0,0.4285714285714285,177200.0,175300.0,179500.0,175300.0,1600.0,300.0,3900.0,300.0,1,0,0,13.0,1,0.92968404,3900.0,300.0,13.0,1
2026-03-31 00:05:00+00:00,168800.0,168800.0,169900.0,168700.0,169700.0,1034481,168800.0,169700.0,169900.0,168700.0,1034481,173202.68489995177,0,-4402.684899951768,173120.0,175175.0,174965219800.0,2026-03-31,576996910000.0,3397983,169805.7082686994,0,-1005.7082686994108,1200.0,200.0,1000.0,1200.0,1103.571428571429,349209.5,2.962350680608632,1,900.0,200.0,100.0,0.0125786163522012,169000.0,167500.0,172000.0,167500.0,200.0,1300.0,3200.0,1300.0,1,0,0,2.4615384615384617,1,0.9467136,3200.0,1300.0,2.4615384615384617,1
2026-03-31 00:10:00+00:00,168100.0,168100.0,168800.0,168000.0,168800.0,969499,168100.0,168800.0,168800.0,168000.0,969499,172068.75492218471,0,-3968.754922184715,171560.0,174780.0,163166681700.0,2026-03-31,740163591700.0,4367482,169471.46930428105,0,-1371.469304281054,800.0,0.0,800.0,800.0,1110.7142857142858,386590.2,2.5078209432106657,1,700.0,0.0,100.0,0.0115606936416184,169700.0,167500.0,172000.0,167500.0,1600.0,600.0,3900.0,600.0,1,0,0,6.5,1,0.958523,3900.0,600.0,6.5,1
2026-03-31 00:15:00+00:00,168400.0,168400.0,168400.0,167500.0,168100.0,1136396,168400.0,168100.0,168400.0,167500.0,1136396,171253.4760505881,0,-2853.4760505880986,170140.0,174415.0,191028167600.0,2026-03-31,931191759300.0,5503878,169188.29946812047,0,-788.2994681204727,900.0,300.0,600.0,900.0,1103.571428571429,431980.25,2.630666564038518,1,300.0,0.0,600.0,0.0983606557377049,172000.0,167600.0,172000.0,167600.0,3600.0,800.0,3600.0,800.0,1,0,0,4.5,1,0.94952357,3600.0,800.0,4.5,1
2026-03-31 05:10:00+00:00,168100.0,168100.0,168800.0,168000.0,168350.0,466815,168100.0,168350.0,168800.0,168000.0,466815,168676.35966047473,0,-576.359660474729,168480.0,169092.5,78564964500.0,2026-03-31,4516976062866.667,26545605,170159.09273368103,0,-2059.0927336810273,800.0,500.0,300.0,800.0,671.4285714285714,281452.95,1.6585898282466038,0,250.0,450.0,100.0,0.0149253731343283,169900.0,167700.0,179200.0,167700.0,1800.0,400.0,11100.0,400.0,1,0,0,27.75,1,0.9459595,11100.0,400.0,27.75,1
2026-03-31 05:15:00+00:00,168050.0,168050.0,168300.0,167700.0,168000.0,653097,168050.0,168000.0,168300.0,167700.0,653097,168537.16862481367,0,-487.1686248136684,168370.0,169000.0,109731180950.0,2026-03-31,4626707243816.667,27198702,170107.64865972893,0,-2057.648659728933,600.0,200.0,400.0,600.0,671.4285714285714,292710.8,2.231202265170947,1,50.0,250.0,300.0,0.05,169900.0,168000.0,179400.0,168000.0,1850.0,50.0,11350.0,50.0,1,0,0,227.0,1,0.94805866,11350.0,50.0,227.0,1
2026-04-01 00:00:00+00:00,178100.0,178100.0,179100.0,178000.0,179000.0,2597984,178100.0,179000.0,179100.0,178000.0,2597984,171139.6216326041,1,6960.378367395897,171040.0,169487.5,463480345600.0,2026-04-01,463480345600.0,2597984,178400.0,0,-300.0,1100.0,10200.0,9100.0,10200.0,1371.428571428571,439560.7,5.910410098082017,1,900.0,100.0,100.0,0.912280701754386,179900.0,178000.0,180900.0,178000.0,1800.0,100.0,2800.0,100.0,1,0,0,28.0,1,0.9013576,2800.0,100.0,28.0,1
2026-04-01 05:10:00+00:00,189000.0,189000.0,189100.0,188300.0,188750.0,535736,189000.0,188750.0,189100.0,188300.0,535736,188240.76552706293,1,759.234472937067,188490.0,186982.5,101146956800.0,2026-04-01,4230636205483.3335,23164546,182634.10841219735,1,6365.891587802616,800.0,350.0,450.0,800.0,628.5714285714286,310119.6,1.727514159053475,0,250.0,100.0,450.0,0.989247311827957,190200.0,188200.0,193600.0,188200.0,1200.0,800.0,4600.0,800.0,1,0,0,5.75,1,0.94390666,4600.0,800.0,5.75,1
2026-04-01 05:40:00+00:00,190200.0,190200.0,190200.0,189600.0,190000.0,761002,190200.0,190000.0,190200.0,189600.0,761002,189450.10739384696,1,749.8926061530365,189730.0,188182.5,144590380000.0,2026-04-01,4740881868266.667,25856815,183351.34734369515,1,6848.652656304854,600.0,200.0,400.0,600.0,675.0,365921.5,2.0796864901351793,1,200.0,0.0,400.0,1.0,193600.0,188600.0,193600.0,188600.0,3400.0,1600.0,3400.0,1600.0,1,0,0,2.125,1,0.91200846,3400.0,1600.0,2.125,1
2026-04-01 05:45:00+00:00,190500.0,190500.0,190800.0,190100.0,190100.0,592082,190500.0,190100.0,190800.0,190100.0,592082,189683.41686188095,1,816.5831381190219,189990.0,188432.5,112771884933.33331,2026-04-01,4853653753200.0,26448897,183510.6300727777,1,6989.3699272222875,700.0,600.0,100.0,700.0,682.1428571428571,386810.95,1.530675385482236,0,400.0,300.0,0.0,0.967741935483871,193600.0,188600.0,193600.0,188600.0,3100.0,1900.0,3100.0,1900.0,1,0,0,1.631578947368421,0,0.9175451,3100.0,1900.0,1.631578947368421,1
2026-04-02 05:35:00+00:00,176800.0,176800.0,177600.0,176700.0,177550.0,590779,176800.0,177550.0,177600.0,176700.0,590779,178008.75956906634,0,-1208.7595690663438,177770.0,178782.5,104587575633.33334,2026-04-02,6032369405833.333,32859369,183581.4134420333,0,-6781.413442033314,900.0,0.0,900.0,900.0,692.8571428571429,232691.5,2.53889377136681,1,750.0,50.0,100.0,0.0172413793103448,187200.0,175000.0,187200.0,175000.0,10400.0,1800.0,10400.0,1800.0,1,0,0,5.777777777777778,1,0.93775135,10400.0,1800.0,5.777777777777778,1
2026-04-02 05:45:00+00:00,176000.0,176000.0,177100.0,176000.0,177000.0,592763,176000.0,177000.0,177100.0,176000.0,592763,177388.0150479537,0,-1388.015047953697,177050.0,178552.5,104543634433.33331,2026-04-02,6195928238200.0,33785614,183389.54083237913,0,-7389.540832379134,1100.0,100.0,1000.0,1100.0,728.5714285714286,244835.55,2.421065895046696,1,1000.0,100.0,0.0,0.0,187200.0,175000.0,187200.0,175000.0,11200.0,1000.0,11200.0,1000.0,1,0,0,11.2,1,0.9528082,11200.0,1000.0,11.2,1
2026-04-02 05:50:00+00:00,175300.0,175300.0,176050.0,175000.0,176000.0,688568,175300.0,176000.0,176050.0,175000.0,688568,176924.01170396397,0,-1624.0117039639736,176540.0,178337.5,120809255600.0,2026-04-02,6316737493800.0,34474182,183230.9608912548,0,-7930.960891254799,1050.0,50.0,1000.0,1050.0,767.8571428571429,267327.65,2.575745531747277,1,700.0,50.0,300.0,0.0416666666666666,187200.0,175100.0,187200.0,175100.0,11900.0,200.0,11900.0,200.0,1,0,0,59.5,1,0.9673355,11900.0,200.0,59.5,1
2026-04-03 02:30:00+00:00,182900.0,182900.0,183600.0,182700.0,183600.0,316393,182900.0,183600.0,183600.0,182700.0,316393,183866.76849547785,0,-966.7684954778524,183760.0,184862.5,57921011866.666664,2026-04-03,1977570480866.6667,10672780,185291.03765529385,0,-2391.037655293825,900.0,100.0,800.0,900.0,839.2857142857143,200495.1,1.5780585161432872,0,700.0,0.0,200.0,0.6475409836065574,184600.0,182700.0,185400.0,182700.0,1700.0,200.0,2500.0,200.0,1,0,0,12.5,1,0.7173397,2500.0,200.0,12.5,1
2026-04-03 05:00:00+00:00,185900.0,185900.0,186000.0,185700.0,185800.0,258230,185900.0,185800.0,186000.0,185700.0,258230,185575.61906314292,1,324.3809368570801,185560.0,185295.0,47996349333.33333,2026-04-03,2856380813850.0,15425278,185175.32156308624,1,724.6784369137604,300.0,200.0,100.0,300.0,582.1428571428571,157317.2,1.6414606921557209,0,100.0,100.0,100.0,0.8888888888888888,186500.0,185100.0,193500.0,185100.0,600.0,800.0,7600.0,800.0,1,0,0,9.5,1,0.841206,7600.0,800.0,9.5,1
2026-04-03 05:05:00+00:00,186500.0,186500.0,186500.0,185900.0,185950.0,398661,186500.0,185950.0,186500.0,185900.0,398661,185781.03704911115,1,718.9629508888465,185880.0,185395.0,74270544300.0,2026-04-03,2930651358150.0,15823939,185203.65619141984,1,1296.3438085801608,600.0,600.0,0.0,600.0,546.4285714285714,172171.5,2.31548775494202,1,550.0,0.0,50.0,1.0,186500.0,185100.0,193600.0,185100.0,0.0,1400.0,7100.0,1400.0,1,0,0,5.071428571428571,1,0.8754287,7100.0,1400.0,5.071428571428571,1
2026-04-03 05:45:00+00:00,186700.0,186700.0,186800.0,186200.0,186300.0,357311,186700.0,186300.0,186800.0,186200.0,357311,186125.32203235067,1,574.6779676493315,186240.0,185720.0,66662322233.33333,2026-04-03,3271896321550.0,17658602,185286.26000801197,1,1413.7399919880263,600.0,500.0,100.0,600.0,614.2857142857143,206094.25,1.7337261956604806,0,400.0,100.0,100.0,0.975609756097561,193600.0,186400.0,193600.0,186400.0,6900.0,300.0,6900.0,300.0,1,0,0,23.0,1,0.86049116,6900.0,300.0,23.0,1
2026-04-03 05:50:00+00:00,186600.0,186600.0,187000.0,186600.0,186700.0,355816,186600.0,186700.0,187000.0,186600.0,355816,186230.80602516164,1,369.1939748383593,186380.0,185780.0,66442707733.333336,2026-04-03,3338339029283.3335,18014418,185314.8422160146,1,1285.1577839854,400.0,300.0,100.0,400.0,592.8571428571429,215868.15,1.6483024475820078,0,100.0,300.0,0.0,0.9069767441860463,193600.0,186400.0,193600.0,186400.0,7000.0,200.0,7000.0,200.0,1,0,0,35.0,1,0.8727662,7000.0,200.0,35.0,1
2026-04-07 05:50:00+00:00,195900.0,195900.0,195900.0,194700.0,194800.0,510294,195900.0,194800.0,195900.0,194700.0,510294,194880.37309732297,1,1019.6269026770606,194900.0,194550.0,99762477000.0,2026-04-07,5174123374983.333,26332355,196492.99787213613,0,-592.9978721361258,1200.0,1100.0,100.0,1200.0,632.1428571428571,203162.3,2.5117553798121013,1,1100.0,0.0,100.0,1.0,214500.0,195800.0,214500.0,195800.0,18600.0,100.0,18600.0,100.0,1,0,0,186.0,1,0.8187454,18600.0,100.0,186.0,1
2026-04-07 05:55:00+00:00,195900.0,195900.0,196300.0,195800.0,195900.0,341708,195900.0,195900.0,196300.0,195800.0,341708,195106.95685347336,1,793.0431465266156,195200.0,194690.0,66974768000.0,2026-04-07,5241098142983.333,26674063,196486.6823244488,0,-586.682324448775,500.0,400.0,100.0,500.0,635.7142857142857,210893.05,1.620290474247492,0,0.0,400.0,100.0,0.8974358974358975,214500.0,208000.0,214500.0,207500.0,18600.0,-12100.0,18600.0,-11600.0,1,0,0,-1.603448275862069,0,0.7046306,18600.0,-11600.0,-1.603448275862069,1
2026-04-08 04:05:00+00:00,211500.0,211500.0,211500.0,210500.0,210750.0,628080,211500.0,210750.0,211500.0,210500.0,628080,210825.6144408529,1,674.3855591471074,210900.0,210387.5,132629560000.0,2026-04-08,4823228324166.667,22944201,210215.57142768524,1,1284.4285723147625,1000.0,750.0,250.0,1000.0,732.1428571428571,231494.35,2.7131547703000094,1,750.0,0.0,250.0,1.0,213500.0,211000.0,214500.0,211000.0,2000.0,500.0,3000.0,500.0,1,0,0,6.0,1,0.79285043,3000.0,500.0,6.0,1
2026-04-09 05:15:00+00:00,204000.0,204000.0,204000.0,203000.0,203250.0,388643,204000.0,203250.0,204000.0,203000.0,388643,203185.0099073176,1,814.9900926824193,203150.0,203062.5,79153624333.33333,2026-04-09,4026914035416.6665,19684027,204577.75410573592,0,-577.7541057359194,1000.0,1000.0,0.0,1000.0,857.1428571428571,231513.15,1.6787080993023509,0,750.0,0.0,250.0,0.5714285714285714,205000.0,203500.0,209000.0,203000.0,1000.0,500.0,5000.0,1000.0,1,0,0,5.0,1,0.8208305,5000.0,1000.0,5.0,1
2026-04-09 05:25:00+00:00,204500.0,204500.0,205000.0,203500.0,203750.0,436265,204500.0,203750.0,205000.0,203500.0,436265,203574.88253652543,1,925.1174634745404,203650.0,203100.0,89143481666.66667,2026-04-09,4157283216416.6665,20322544,204565.0985632835,0,-65.09856328353635,1500.0,1250.0,250.0,1500.0,910.7142857142856,237307.6,1.8383945562636848,0,750.0,500.0,250.0,0.7142857142857143,205000.0,203000.0,209000.0,203000.0,500.0,1500.0,4500.0,1500.0,1,0,0,3.0,1,0.81329787,4500.0,1500.0,3.0,1
2026-04-13 00:05:00+00:00,199300.0,199300.0,199700.0,199000.0,199650.0,613301,199300.0,199650.0,199700.0,199000.0,613301,203762.43026492075,0,-4462.430264920753,203540.0,206347.5,122251332666.66669,2026-04-13,122251332666.66669,613301,199333.33333333337,0,-33.333333333343035,700.0,50.0,650.0,700.0,1267.857142857143,179725.65,3.4124288881414535,1,350.0,50.0,300.0,0.0932203389830508,203000.0,199200.0,203000.0,199200.0,3700.0,100.0,3700.0,100.0,1,0,0,37.0,1,0.8459325,3700.0,100.0,37.0,1
2026-04-13 00:10:00+00:00,200500.0,200500.0,200500.0,199200.0,199400.0,380870,200500.0,199400.0,200500.0,199200.0,380870,203037.44576160505,0,-2537.4457616050204,202390.0,205985.0,76199391333.33333,2026-04-13,198450724000.0,994171,199614.27561254552,1,885.7243874544802,1300.0,1200.0,100.0,1300.0,1325.0,195228.5,1.9508934402507832,0,1100.0,0.0,200.0,0.1949152542372881,203000.0,200000.0,203000.0,200000.0,2500.0,500.0,2500.0,500.0,1,0,0,5.0,1,0.7953492,2500.0,500.0,5.0,1
2026-04-13 00:15:00+00:00,200500.0,200500.0,201000.0,200000.0,200500.0,349324,200500.0,200500.0,201000.0,200000.0,349324,202473.5689256928,0,-1973.5689256927872,201290.0,205622.5,70039462000.0,2026-04-13,268490186000.0,1343495,199844.57404009692,1,655.4259599030775,1000.0,500.0,500.0,1000.0,1378.571428571429,206476.75,1.6918321312205853,0,0.0,500.0,500.0,0.1949152542372881,203000.0,200000.0,203000.0,200000.0,2500.0,500.0,2500.0,500.0,1,0,0,5.0,1,0.74343127,2500.0,500.0,5.0,1
2026-04-13 05:20:00+00:00,202000.0,202000.0,202500.0,201500.0,201750.0,266490,202000.0,201750.0,202500.0,201500.0,266490,201769.43366861632,1,230.56633138368488,201850.0,201250.0,53830980000.0,2026-04-13,2520821029500.0,12528011,201214.7841744392,1,785.2158255608229,1000.0,750.0,250.0,1000.0,875.0,170006.0,1.5675329106031552,0,250.0,500.0,250.0,0.6666666666666666,202500.0,201500.0,208000.0,201000.0,500.0,500.0,6000.0,1000.0,1,0,0,6.0,1,0.83521235,6000.0,1000.0,6.0,1
2026-04-13 05:45:00+00:00,202000.0,202000.0,202500.0,201500.0,201750.0,254007,202000.0,201750.0,202500.0,201500.0,254007,201937.63436583913,1,62.365634160873014,202050.0,201625.0,51309414000.0,2026-04-13,2684284329750.0,13337196,201263.0188346936,1,736.9811653064098,1000.0,750.0,250.0,1000.0,910.7142857142856,162220.85,1.56580982037759,0,250.0,500.0,250.0,0.8,208000.0,201000.0,208500.0,201000.0,6000.0,1000.0,6500.0,1000.0,1,0,0,6.5,1,0.8309322,6500.0,1000.0,6.5,1
2026-04-13 05:55:00+00:00,201000.0,201000.0,201750.0,201000.0,201750.0,254344,201000.0,201750.0,201750.0,201000.0,254344,201653.63066575455,0,-653.6306657545501,201650.0,201650.0,51186730000.0,2026-04-13,2750397619750.0,13665556,201264.96278307305,0,-264.9627830730169,750.0,250.0,500.0,750.0,857.1428571428571,165613.25,1.535770839591639,0,750.0,0.0,0.0,0.4,208000.0,205500.0,208500.0,205500.0,7000.0,-4500.0,7500.0,-4500.0,1,0,0,-1.6666666666666667,0,0.72420406,7500.0,-4500.0,-1.6666666666666667,1
2026-04-14 05:40:00+00:00,207000.0,207000.0,208000.0,207000.0,207250.0,344146,207000.0,207250.0,208000.0,207000.0,344146,207804.10993082108,0,-804.1099308210833,207600.0,208650.0,71352937333.33334,2026-04-14,4170013988583.3335,20041069,208073.4310421931,0,-1073.431042193086,1000.0,750.0,250.0,1000.0,821.4285714285714,218953.35,1.571777732562667,0,250.0,750.0,0.0,0.0,215000.0,207000.0,215000.0,207000.0,8000.0,0.0,8000.0,0.0,1,0,0,8000.0,1,0.9017352,8000.0,0.0,8000.0,1
2026-04-15 05:45:00+00:00,210500.0,210500.0,212000.0,210500.0,211500.0,532739,210500.0,211500.0,212000.0,210500.0,532739,212399.679942975,0,-1899.6799429749951,212150.0,213625.0,112407929000.0,2026-04-15,4209448848166.6665,19670134,214002.04229247585,0,-3502.042292475817,1500.0,500.0,1000.0,1500.0,857.1428571428571,292436.4,1.821726023162643,0,1000.0,500.0,0.0,0.0,213000.0,210000.0,214000.0,210000.0,2500.0,500.0,3500.0,500.0,1,0,0,7.0,1,0.934153,3500.0,500.0,7.0,1
2026-04-15 05:50:00+00:00,210250.0,210250.0,211000.0,210000.0,211000.0,662559,210250.0,211000.0,211000.0,210000.0,662559,211921.97328898055,0,-1671.9732889805457,211500.0,213412.5,139413456250.0,2026-04-15,4348862304416.6665,20332693,213885.20961865044,0,-3635.209618650435,1000.0,500.0,500.0,1000.0,892.8571428571429,319743.45,2.0721581630522845,1,750.0,0.0,250.0,0.05,213000.0,210000.0,214500.0,210000.0,2750.0,250.0,4250.0,250.0,1,0,0,17.0,1,0.8932998,4250.0,250.0,17.0,1
2026-04-15 05:55:00+00:00,212000.0,212000.0,212500.0,210000.0,210500.0,566422,212000.0,210500.0,212500.0,210000.0,566422,211939.312558096,1,60.68744190401048,211300.0,213300.0,119798253000.0,2026-04-15,4468660557416.667,20899115,213820.56404860527,0,-1820.5640486052723,2500.0,2250.0,250.0,2500.0,1000.0,316411.65,1.790142682799448,0,1500.0,500.0,500.0,0.4,213000.0,210500.0,215000.0,210500.0,1000.0,1500.0,3000.0,1500.0,1,0,0,2.0,1,0.8989025,3000.0,1500.0,2.0,1
2026-04-16 00:00:00+00:00,212500.0,212500.0,213000.0,211500.0,212000.0,1062178,212500.0,212000.0,213000.0,211500.0,1062178,212063.909767408,1,436.09023259201786,211350.0,213212.5,225535795333.33337,2026-04-16,225535795333.33337,1062178,212333.33333333337,1,166.66666666665697,1500.0,1000.0,500.0,1500.0,1089.2857142857142,364145.9,2.916902263625651,1,500.0,500.0,500.0,0.5,213000.0,210500.0,215000.0,210500.0,500.0,2000.0,2500.0,2000.0,1,1,0,1.25,0,0.833202,2500.0,2000.0,1.25,1
2026-04-17 05:35:00+00:00,216500.0,216500.0,217000.0,216000.0,216500.0,274023,216500.0,216500.0,217000.0,216000.0,274023,216524.89256223224,0,-24.8925622322422,216550.0,216475.0,59325979500.0,2026-04-17,2791981228833.3335,12893495,216541.84756214925,0,-41.84756214925437,1000.0,750.0,250.0,1000.0,875.0,174812.75,1.5675229638570414,0,0.0,500.0,500.0,0.5,219500.0,216000.0,220000.0,216000.0,3000.0,500.0,3500.0,500.0,1,0,0,7.0,1,0.8171026,3500.0,500.0,7.0,1
2026-04-21 05:15:00+00:00,218250.0,218250.0,218500.0,218000.0,218000.0,192915,218250.0,218000.0,218500.0,218000.0,192915,218084.29251917283,1,165.70748082717182,218100.0,217925.0,42103698750.0,2026-04-21,2751803569166.6665,12612963,218172.65056328688,1,77.34943671312067,500.0,500.0,0.0,500.0,517.8571428571429,120476.25,1.6012699598468578,0,250.0,250.0,0.0,0.6428571428571429,218500.0,217500.0,222500.0,217500.0,250.0,750.0,4250.0,750.0,1,0,0,5.666666666666667,1,0.9563231,4250.0,750.0,5.666666666666667,1
2026-04-21 05:30:00+00:00,218000.0,218000.0,218500.0,217500.0,218000.0,286158,218000.0,218000.0,218500.0,217500.0,286158,218126.08001930904,0,-126.08001930903993,218150.0,218037.5,62382444000.0,2026-04-21,2860403790666.6665,13110887,218170.12004349256,0,-170.12004349258495,1000.0,0.0,1000.0,1000.0,517.8571428571429,124783.15,2.293242316771135,1,0.0,500.0,500.0,0.7272727272727273,220000.0,217500.0,222500.0,217500.0,2000.0,500.0,4500.0,500.0,1,0,0,9.0,1,0.9327914,4500.0,500.0,9.0,1
2026-04-21 05:35:00+00:00,218000.0,218000.0,218500.0,217500.0,217500.0,273802,218000.0,217500.0,218500.0,217500.0,273802,218098.06223724037,0,-98.06223724037407,218150.0,218037.5,59688836000.0,2026-04-21,2920092626666.6665,13384689,218166.6400068516,0,-166.64000685160863,1000.0,500.0,500.0,1000.0,571.4285714285714,132039.6,2.073635485112042,1,500.0,500.0,0.0,0.8,222000.0,217500.0,222500.0,217500.0,4000.0,500.0,4500.0,500.0,1,0,0,9.0,1,0.8840323,4500.0,500.0,9.0,1
2026-04-21 05:55:00+00:00,218750.0,218750.0,219000.0,218000.0,218500.0,403929,218750.0,218500.0,219000.0,218000.0,403929,218322.5800078668,1,427.4199921331892,218300.0,218150.0,88292147250.0,2026-04-21,3085410230916.6665,14141509,218181.11708705671,1,568.8829129432852,1000.0,500.0,500.0,1000.0,607.1428571428571,147083.4,2.746258245322042,1,250.0,250.0,500.0,0.9166666666666666,222500.0,217500.0,222500.0,217500.0,3750.0,1250.0,3750.0,1250.0,1,0,0,3.0,1,0.87274086,3750.0,1250.0,3.0,1
2026-04-22 00:00:00+00:00,218250.0,218250.0,220000.0,218000.0,218500.0,1087609,218250.0,218500.0,220000.0,218000.0,1087609,218306.45111722976,0,-56.451117229735246,218350.0,218162.5,237914468750.0,2026-04-22,237914468750.0,1087609,218750.0,0,-500.0,2000.0,1250.0,750.0,2000.0,714.2857142857143,189097.45,5.751579410510295,1,250.0,1500.0,250.0,0.5,222500.0,217500.0,222500.0,217500.0,4250.0,750.0,4250.0,750.0,1,0,0,5.666666666666667,1,0.7265515,4250.0,750.0,5.666666666666667,1
2026-04-22 04:55:00+00:00,216000.0,216000.0,216750.0,216000.0,216500.0,364208,216000.0,216500.0,216750.0,216000.0,364208,216850.03224083484,0,-850.0322408348438,216850.0,217225.0,78759980000.0,2026-04-22,2843947124083.3335,13032680,218216.600429331,0,-2216.6004293310107,750.0,250.0,500.0,750.0,589.2857142857143,129962.2,2.802414856011979,1,500.0,250.0,0.0,0.1666666666666666,218500.0,216000.0,218500.0,216000.0,2500.0,0.0,2500.0,0.0,1,0,0,2500.0,1,0.8287435,2500.0,0.0,2500.0,1
2026-04-22 05:15:00+00:00,217500.0,217500.0,218000.0,216500.0,216750.0,318613,217500.0,216750.0,218000.0,216500.0,318613,216841.2478906027,1,658.75210939729,216550.0,217075.0,69245225333.33334,2026-04-22,3002809184083.3335,13765362,218142.40585052056,0,-642.4058505205612,1500.0,1250.0,250.0,1500.0,678.5714285714286,139758.4,2.2797413250294793,1,750.0,500.0,250.0,0.8,218500.0,217000.0,227000.0,217000.0,1000.0,500.0,9500.0,500.0,1,0,0,19.0,1,0.822879,9500.0,500.0,19.0,1
2026-04-22 05:20:00+00:00,218250.0,218250.0,218500.0,217000.0,217500.0,304750,218250.0,217500.0,218500.0,217000.0,304750,217154.3039149132,1,1095.6960850867908,217000.0,217125.0,66410104166.666664,2026-04-22,3069219288250.0,14070112,218137.5164781915,1,112.4835218084918,1500.0,1000.0,500.0,1500.0,714.2857142857143,152516.2,1.998148393416568,0,750.0,250.0,500.0,0.9166666666666666,218500.0,217500.0,227000.0,217500.0,250.0,750.0,8750.0,750.0,1,0,0,11.666666666666666,1,0.7708158,8750.0,750.0,11.666666666666666,1
2026-04-22 05:50:00+00:00,218250.0,218250.0,218500.0,217500.0,217500.0,298136,218250.0,217500.0,218500.0,217500.0,298136,217783.17574535203,1,466.82425464794505,217950.0,217275.0,65018492666.66667,2026-04-22,3250203067500.0,14900636,218125.123484662,1,124.87651533799362,1000.0,750.0,250.0,1000.0,767.8571428571429,161076.25,1.8508998067685336,0,750.0,250.0,0.0,0.9,227000.0,218000.0,228000.0,218000.0,8750.0,250.0,9750.0,250.0,1,0,0,39.0,1,0.77071345,9750.0,250.0,39.0,1
2026-04-23 00:00:00+00:00,225000.0,225000.0,225000.0,222000.0,223000.0,2589540,225000.0,223000.0,225000.0,222000.0,2589540,219510.8100187932,1,5489.189981206786,219500.0,217725.0,580056960000.0,2026-04-23,580056960000.0,2589540,224000.0,1,1000.0,3000.0,6500.0,3500.0,6500.0,1178.571428571429,286526.5,9.037698083772357,1,2000.0,0.0,1000.0,1.0,228000.0,223500.0,229000.0,223500.0,3000.0,1500.0,4000.0,1500.0,1,0,0,2.6666666666666665,1,0.7618801,4000.0,1500.0,2.6666666666666665,1
2026-04-23 00:15:00+00:00,226000.0,226000.0,226000.0,223500.0,225750.0,977235,226000.0,225750.0,226000.0,223500.0,977235,222903.5772790755,1,3096.4227209244564,224250.0,219037.5,220040747500.0,2026-04-23,1382664149500.0,6146041,224968.259974185,1,1031.740025815001,2500.0,250.0,2250.0,2500.0,1446.428571428571,444369.9,2.199147602031551,1,250.0,0.0,2250.0,0.9090909090909092,228000.0,225500.0,229500.0,225500.0,2000.0,500.0,3500.0,500.0,1,0,0,7.0,1,0.7836865,3500.0,500.0,7.0,1
2026-04-23 03:35:00+00:00,216750.0,216750.0,219500.0,216500.0,219500.0,889775,216750.0,219500.0,219500.0,216500.0,889775,219166.07081079832,0,-2416.070810798323,218700.0,221500.0,193600210416.6667,2026-04-23,5397564872500.0,23989500,224996.9725296484,0,-8246.972529648396,3000.0,250.0,2750.0,3000.0,1642.857142857143,360650.2,2.4671412909240034,1,2750.0,0.0,250.0,0.0192307692307692,220500.0,216000.0,221500.0,216000.0,3750.0,750.0,4750.0,750.0,1,0,0,6.333333333333333,1,0.92439795,4750.0,750.0,6.333333333333333,1
2026-04-24 03:55:00+00:00,217000.0,217000.0,218250.0,217000.0,218250.0,502364,217000.0,218250.0,218250.0,217000.0,502364,218238.2507533668,0,-1238.250753366825,218000.0,218937.5,109222306333.33331,2026-04-24,2929835895666.6665,13299983,220288.69478003593,0,-3288.694780035934,1250.0,0.0,1250.0,1250.0,625.0,162555.2,3.090420976997352,1,1250.0,0.0,0.0,0.0,219000.0,216500.0,219500.0,216500.0,2000.0,500.0,2500.0,500.0,1,0,0,5.0,1,0.8853924,2500.0,500.0,5.0,1
2026-04-24 04:00:00+00:00,217000.0,217000.0,217500.0,216500.0,217250.0,547415,217000.0,217250.0,217500.0,216500.0,547415,217963.0839192853,0,-963.0839192853018,217700.0,218837.5,118789055000.0,2026-04-24,3048624950666.6665,13847398,220158.68617820233,0,-3158.6861782023334,1000.0,500.0,500.0,1000.0,625.0,185291.35,2.9543473022351017,1,250.0,250.0,500.0,0.0769230769230769,219000.0,217000.0,219500.0,217000.0,2000.0,0.0,2500.0,0.0,1,0,0,2500.0,1,0.7904905,2500.0,0.0,2500.0,1
2026-04-24 05:45:00+00:00,219250.0,219250.0,219500.0,218500.0,219000.0,315231,219250.0,219000.0,219500.0,218500.0,315231,219143.3292569284,1,106.67074307159056,219250.0,218812.5,69061858250.0,2026-04-24,3794959573333.3335,17260167,219868.06809768025,0,-618.0680976802541,1000.0,250.0,750.0,1000.0,642.8571428571429,153890.75,2.048407717812799,1,250.0,250.0,500.0,0.6111111111111112,222500.0,219000.0,223000.0,219000.0,3250.0,250.0,3750.0,250.0,1,0,0,15.0,1,0.8314678,3750.0,250.0,15.0,1
2026-04-27 00:05:00+00:00,221500.0,221500.0,222000.0,220000.0,220000.0,713019,221500.0,220000.0,222000.0,220000.0,713019,219960.6208727153,1,1539.3791272846863,220000.0,219175.0,157696035500.0,2026-04-27,157696035500.0,713019,221166.66666666663,1,333.33333333334303,2000.0,1500.0,500.0,2000.0,803.5714285714286,164722.75,4.328600633488695,1,1500.0,500.0,0.0,0.9090909090909092,223000.0,221000.0,224000.0,221000.0,1500.0,500.0,2500.0,500.0,1,0,0,5.0,1,0.7660596,2500.0,500.0,5.0,1
2026-04-28 00:00:00+00:00,221750.0,221750.0,224500.0,221500.0,224000.0,1429957,221750.0,224000.0,224500.0,221500.0,1429957,223367.42768229512,0,-1617.4276822951217,223200.0,224425.0,318284595583.3334,2026-04-28,318284595583.3334,1429957,222583.33333333337,0,-833.3333333333721,3000.0,1000.0,2000.0,3000.0,964.2857142857144,297325.05,4.809406405548406,1,2250.0,500.0,250.0,0.0555555555555555,223500.0,221500.0,226000.0,221500.0,1750.0,250.0,4250.0,250.0,1,0,0,17.0,1,0.89236933,4250.0,250.0,17.0,1
2026-04-29 00:15:00+00:00,219000.0,219000.0,220250.0,218500.0,220250.0,366528,219000.0,220250.0,220250.0,218500.0,366528,220789.60987739815,0,-1789.6098773981505,220450.0,222125.0,80361264000.0,2026-04-29,457900768000.0,2083566,219767.82496930743,0,-767.8249693074322,1750.0,0.0,1750.0,1750.0,1089.2857142857142,234708.95,1.561627709552618,0,1250.0,0.0,500.0,0.0909090909090909,222000.0,218500.0,222000.0,218500.0,3000.0,500.0,3000.0,500.0,1,0,0,6.0,1,0.81221926,3000.0,500.0,6.0,1
2026-04-29 04:05:00+00:00,222750.0,222750.0,223000.0,221500.0,221750.0,376180,222750.0,221750.0,223000.0,221500.0,376180,221720.96554403333,1,1029.03445596667,221750.0,221037.5,83668701666.66666,2026-04-29,2135746689666.6667,9694063,220314.9174568668,1,2435.082543133176,1500.0,1500.0,0.0,1500.0,928.5714285714286,144057.9,2.611311146420988,1,1000.0,250.0,250.0,0.9444444444444444,228000.0,222000.0,228000.0,222000.0,5250.0,750.0,5250.0,750.0,1,0,0,7.0,1,0.8122948,5250.0,750.0,7.0,1
2026-04-29 05:55:00+00:00,226750.0,226750.0,227500.0,226500.0,226750.0,602634,226750.0,226750.0,227500.0,226500.0,602634,226369.36817833505,1,380.63182166498154,226500.0,226062.5,136747698500.0,2026-04-29,4012840350166.6665,18001980,222911.054793232,1,3838.945206767996,1000.0,750.0,250.0,1000.0,1000.0,395460.95,1.5238773891581456,0,0.0,750.0,250.0,0.8529411764705882,230000.0,227500.0,230000.0,225500.0,3250.0,-750.0,3250.0,1250.0,1,0,0,2.6,1,0.7107235,3250.0,1250.0,2.6,1
2026-04-30 04:30:00+00:00,221000.0,221000.0,222500.0,221000.0,222000.0,311382,221000.0,222000.0,222500.0,221000.0,311382,222863.09915866013,0,-1863.0991586601303,222400.0,224112.5,68971113000.0,2026-04-30,2965334725000.0,13095733,226435.1850331707,0,-5435.185033170739,1500.0,0.0,1500.0,1500.0,982.1428571428572,154443.05,2.0161606495080227,1,1000.0,500.0,0.0,0.0,223500.0,221000.0,224000.0,221000.0,2500.0,0.0,3000.0,0.0,1,0,0,3000.0,1,0.85705376,3000.0,0.0,3000.0,1
2026-04-30 05:00:00+00:00,223000.0,223000.0,223500.0,221750.0,221750.0,315150,223000.0,221750.0,223500.0,221750.0,315150,222449.7587745718,1,550.2412254282099,222300.0,223425.0,70199662500.0,2026-04-30,3267154706500.0,14453958,226038.7574462303,0,-3038.757446230302,1750.0,1500.0,250.0,1750.0,1107.142857142857,194221.45,1.6226323096650754,0,1250.0,500.0,0.0,0.3333333333333333,224000.0,222500.0,227000.0,222000.0,1000.0,500.0,4000.0,1000.0,1,0,0,4.0,1,0.9161164,4000.0,1000.0,4.0,1
2026-05-04 00:20:00+00:00,225000.0,225000.0,226000.0,224500.0,225750.0,444621,225000.0,225750.0,226000.0,224500.0,444621,224908.44909504443,1,91.55090495556942,225750.0,223650.0,100113828500.0,2026-05-04,409702118250.0,1814259,225823.39029322716,0,-823.3902932271594,1500.0,0.0,1500.0,1500.0,1428.571428571429,223857.25,1.9861809255675211,0,750.0,250.0,500.0,0.5714285714285714,226500.0,224000.0,227500.0,224000.0,1500.0,1000.0,2500.0,1000.0,1,0,0,2.5,1,0.8366591,2500.0,1000.0,2.5,1
2026-05-04 00:35:00+00:00,225000.0,225000.0,226000.0,224500.0,225250.0,442377,225000.0,225250.0,226000.0,224500.0,442377,225091.35533552844,0,-91.35533552843845,225400.0,224125.0,99608554500.0,2026-05-04,677693882083.3334,3003199,225657.33475648245,0,-657.3347564824508,1500.0,1000.0,500.0,1500.0,1464.2857142857142,252811.95,1.7498263037012292,0,250.0,750.0,500.0,0.5714285714285714,226000.0,224000.0,228000.0,224000.0,1000.0,1000.0,3000.0,1000.0,1,0,0,3.0,1,0.88829607,3000.0,1000.0,3.0,1
2026-05-04 00:50:00+00:00,224750.0,224750.0,225000.0,224000.0,224500.0,491279,224750.0,224500.0,225000.0,224000.0,491279,224944.2179425051,0,-194.2179425051436,224900.0,224362.5,110333075416.66669,2026-05-04,882042336000.0,3912426,225446.39464107435,0,-696.394641074352,1000.0,250.0,750.0,1000.0,1446.428571428571,262528.2,1.87133801244971,0,250.0,250.0,500.0,0.5357142857142857,227500.0,224500.0,228000.0,224500.0,2750.0,250.0,3250.0,250.0,1,0,0,13.0,1,0.8887259,3250.0,250.0,13.0,1
2026-05-04 00:55:00+00:00,225250.0,225250.0,226000.0,224500.0,224500.0,475037,225250.0,224500.0,226000.0,224500.0,475037,225012.16951083732,1,237.8304891626758,224950.0,224500.0,107002084250.0,2026-05-04,989044420250.0,4387463,225425.13070765496,0,-175.1307076549565,1500.0,1250.0,250.0,1500.0,1446.428571428571,281051.4,1.6902139608626747,0,750.0,750.0,0.0,0.6071428571428571,228000.0,224500.0,229000.0,224500.0,2750.0,750.0,3750.0,750.0,1,0,0,5.0,1,0.92328936,3750.0,750.0,5.0,1
2026-05-04 01:15:00+00:00,226500.0,226500.0,227000.0,225000.0,225000.0,680234,226500.0,225000.0,227000.0,225000.0,680234,225450.34583074535,1,1049.654169254616,225500.0,224925.0,153846256333.3333,2026-05-04,1303966016333.3333,5783273,225471.98037051567,1,1028.0196294843336,2000.0,1500.0,500.0,2000.0,1196.428571428571,315633.5,2.1551387923018313,1,1500.0,500.0,0.0,0.7857142857142857,228000.0,226000.0,229500.0,226000.0,1500.0,500.0,3000.0,500.0,1,0,0,6.0,1,0.8569642,3000.0,500.0,6.0,1
2026-05-04 01:20:00+00:00,227000.0,227000.0,227500.0,226000.0,226250.0,605767,227000.0,226250.0,227500.0,226000.0,605767,225794.71342391308,1,1205.2865760869172,225850.0,225125.0,137408147833.33334,2026-05-04,1441374164166.6667,6389040,225601.05495765663,1,1398.9450423433443,1500.0,1000.0,500.0,1500.0,1232.142857142857,338542.1,1.7893402327214254,0,750.0,500.0,250.0,0.8571428571428571,228000.0,226500.0,229500.0,226500.0,1000.0,500.0,2500.0,500.0,1,0,0,5.0,1,0.80693465,2500.0,500.0,5.0,1
2026-05-04 01:55:00+00:00,228250.0,228250.0,229000.0,227500.0,227750.0,876986,228250.0,227750.0,229000.0,227500.0,876986,227419.51624132827,1,830.4837586717331,227750.0,226187.5,200172054500.0,2026-05-04,2151513905583.3333,9507551,226295.2789402164,1,1954.721059783624,1500.0,1500.0,0.0,1500.0,1107.142857142857,406895.65,2.155309352655896,1,500.0,750.0,250.0,0.90625,229500.0,227500.0,231000.0,227500.0,1250.0,750.0,2750.0,750.0,1,0,0,3.6666666666666665,1,0.77456534,2750.0,750.0,3.6666666666666665,1
2026-05-04 05:05:00+00:00,230500.0,230500.0,231000.0,230000.0,230000.0,462974,230500.0,230000.0,231000.0,230000.0,462974,230077.2073630144,1,422.79263698559953,230200.0,229700.0,106715507000.0,2026-05-04,5080128713833.333,22272935,228085.28439710944,1,2414.7156028905592,1000.0,1000.0,0.0,1000.0,750.0,264141.05,1.7527529325714426,0,500.0,500.0,0.0,0.9230769230769232,231000.0,230000.0,258000.0,230000.0,500.0,500.0,27500.0,500.0,1,0,0,55.0,1,0.845204,27500.0,500.0,55.0,1
2026-05-04 05:35:00+00:00,230500.0,230500.0,231000.0,230000.0,230500.0,481304,230500.0,230500.0,231000.0,230000.0,481304,230375.6538713635,1,124.34612863650544,230500.0,230050.0,110940572000.0,2026-05-04,5528536342000.0,24218365,228278.67785459507,1,2221.3221454049344,1000.0,500.0,500.0,1000.0,857.1428571428571,287715.85,1.672844926687216,0,0.0,500.0,500.0,0.875,258000.0,230000.0,261500.0,230000.0,27500.0,500.0,31000.0,500.0,1,0,0,62.0,1,0.9591956,31000.0,500.0,62.0,1
2026-05-04 05:55:00+00:00,231500.0,231500.0,232000.0,230750.0,231000.0,1173744,231500.0,231000.0,232000.0,230750.0,1173744,230796.7451524377,1,703.2548475622898,230850.0,230262.5,271623924000.0,2026-05-04,6020033913000.0,26345474,228503.5339656443,1,2996.4660343556607,1250.0,1000.0,250.0,1250.0,928.5714285714286,337810.35,3.474564944502145,1,500.0,500.0,250.0,0.8888888888888888,261500.0,251000.0,261500.0,251000.0,30000.0,-19500.0,30000.0,-19500.0,1,0,0,-1.5384615384615383,0,0.94436985,30000.0,-19500.0,-1.5384615384615385,1
2026-05-06 00:05:00+00:00,251500.0,251500.0,258000.0,251000.0,257500.0,1541212,251500.0,257500.0,258000.0,251000.0,1541212,240099.26558604257,1,11400.734413957429,240550.0,232812.5,390697242000.0,2026-05-06,390697242000.0,1541212,253500.0,0,-2000.0,7000.0,0.0,7000.0,7000.0,3214.285714285714,397323.25,3.878987700820428,1,6000.0,500.0,500.0,0.7741935483870968,261500.0,251500.0,261500.0,251500.0,10000.0,0.0,10000.0,0.0,1,0,0,10000.0,1,0.92316455,10000.0,0.0,10000.0,1
2026-05-06 00:10:00+00:00,255500.0,255500.0,257000.0,251500.0,252000.0,1847539,255500.0,252000.0,257000.0,251500.0,1847539,243521.65101136648,1,11978.348988633545,245500.0,234100.0,470506598666.6666,2026-05-06,861203840666.6666,3388751,254136.06389689495,1,1363.9361031050505,5500.0,5500.0,0.0,5500.0,3571.4285714285716,475092.45,3.888798906402322,1,3500.0,1500.0,500.0,0.9032258064516128,261500.0,255500.0,261500.0,255500.0,6000.0,0.0,6000.0,0.0,1,0,0,6000.0,1,0.92429376,6000.0,0.0,6000.0,1
2026-05-06 00:15:00+00:00,257750.0,257750.0,258000.0,255500.0,255500.0,1205484,257750.0,255500.0,258000.0,255500.0,1205484,246683.5063421739,1,11066.493657826097,250850.0,235487.5,309909845000.0,2026-05-06,1171113685666.6665,4594235,254909.39964252297,1,2840.6003574770293,2500.0,2500.0,0.0,2500.0,3678.571428571429,526637.5,2.2890204362583373,1,2250.0,250.0,0.0,0.9758064516129032,261500.0,257000.0,261500.0,257000.0,3750.0,750.0,3750.0,750.0,1,0,0,5.0,1,0.8531142,3750.0,750.0,5.0,1
2026-05-06 00:25:00+00:00,259000.0,259000.0,261500.0,257500.0,260750.0,1184256,259000.0,260750.0,261500.0,257500.0,1184256,251894.9606267472,1,7105.039373252803,256950.0,238525.0,307117056000.0,2026-05-06,1986412170666.6665,7735544,256790.23617041885,1,2209.7638295811485,4000.0,500.0,3500.0,4000.0,4107.142857142857,663405.4,1.7851166119540178,0,1750.0,750.0,1500.0,0.9264705882352942,261500.0,257000.0,261500.0,257000.0,2500.0,2000.0,2500.0,2000.0,1,1,0,1.25,0,0.906292,2500.0,2000.0,1.25,1
2026-05-06 03:10:00+00:00,265000.0,265000.0,265000.0,263500.0,264000.0,640612,265000.0,264000.0,265000.0,263500.0,640612,263170.3672005945,1,1829.632799405488,263400.0,261612.5,169441874000.0,2026-05-06,5907489675000.0,22787722,259240.0273708798,1,5759.972629120195,1500.0,1000.0,500.0,1500.0,1196.428571428571,385516.05,1.6616999473822167,0,1000.0,0.0,500.0,1.0,270000.0,264500.0,270000.0,264500.0,5000.0,500.0,5000.0,500.0,1,0,0,10.0,1,0.8895823,5000.0,500.0,10.0,1
2026-05-07 04:30:00+00:00,265000.0,265000.0,266500.0,264500.0,266000.0,403364,265000.0,266000.0,266500.0,264500.0,403364,265517.8701627665,0,-517.870162766485,265350.0,265550.0,107025914666.66666,2026-05-07,7975895817750.0,29847135,267224.83808747475,0,-2224.8380874747527,2000.0,500.0,1500.0,2000.0,1214.2857142857142,235178.7,1.7151383182235465,0,1000.0,500.0,500.0,0.5263157894736842,268000.0,264500.0,273000.0,264500.0,3000.0,500.0,8000.0,500.0,1,0,0,16.0,1,0.8044854,8000.0,500.0,16.0,1
2026-05-07 04:50:00+00:00,266000.0,266000.0,266500.0,265000.0,265500.0,515095,266000.0,265500.0,266500.0,265000.0,515095,265608.58196323767,1,391.41803676233394,265450.0,265775.0,136929420833.33331,2026-05-07,8267392147250.0,30944800,267165.7967493731,0,-1165.796749373083,1500.0,750.0,750.0,1500.0,1089.2857142857142,238656.2,2.158313926057651,1,500.0,500.0,500.0,0.631578947368421,271500.0,265000.0,274000.0,265000.0,5500.0,1000.0,8000.0,1000.0,1,0,0,8.0,1,0.87840444,8000.0,1000.0,8.0,1
2026-05-08 03:55:00+00:00,265750.0,265750.0,266000.0,264000.0,264000.0,353686,265750.0,264000.0,266000.0,264000.0,353686,264602.3104965998,1,1147.689503400179,264700.0,264075.0,93815211500.0,2026-05-08,4595506411250.0,17411439,263936.04866605223,1,1813.9513339477708,2000.0,1750.0,250.0,2000.0,1214.2857142857142,208297.6,1.6979840382222358,0,1750.0,250.0,0.0,0.6764705882352942,267000.0,265000.0,267000.0,264500.0,1250.0,750.0,1250.0,1250.0,0,0,1,1.0,0,0.88797957,1250.0,1250.0,1.0,0
2026-05-08 04:45:00+00:00,265500.0,265500.0,266000.0,264500.0,265000.0,284144,265500.0,265000.0,266000.0,264500.0,284144,265476.90321633464,1,23.09678366535809,265550.0,265075.0,75392874666.66666,2026-05-08,5074880386750.0,19215951,264097.2797417104,1,1402.7202582895989,1500.0,1000.0,500.0,1500.0,1071.428571428571,184274.55,1.5419600807599314,0,500.0,500.0,500.0,0.5384615384615384,269000.0,265000.0,270000.0,265000.0,3500.0,500.0,4500.0,500.0,1,0,0,9.0,1,0.95018107,4500.0,500.0,9.0,1
2026-05-11 05:35:00+00:00,285500.0,285500.0,287000.0,285000.0,286750.0,510458,285500.0,286750.0,287000.0,285000.0,510458,286666.60238382313,0,-1166.602383823134,286850.0,286300.0,145905911666.66666,2026-05-11,7425524358250.0,26018778,285390.97256027936,1,109.02743972063764,2000.0,500.0,1500.0,2000.0,1285.7142857142858,303160.8,1.6837862942702355,0,1250.0,250.0,500.0,0.5454545454545454,291500.0,284000.0,291500.0,284000.0,6000.0,1500.0,6000.0,1500.0,1,0,0,4.0,1,0.70948076,6000.0,1500.0,4.0,1
2026-05-15 04:20:00+00:00,276500.0,276500.0,278500.0,276500.0,278000.0,618810,276500.0,278000.0,278500.0,276500.0,618810,278922.419501865,0,-2422.4195018649916,278600.0,280250.0,171513505000.0,2026-05-15,6361646377500.0,22244274,285990.2902427834,0,-9490.290242783376,2000.0,0.0,2000.0,2000.0,1517.857142857143,296560.45,2.086623486038006,1,1500.0,500.0,0.0,0.0,279500.0,275000.0,279500.0,272000.0,3000.0,1500.0,3000.0,4500.0,0,1,0,0.6666666666666666,0,0.8528958,3000.0,4500.0,0.6666666666666666,0
