datetime,code,name,price,change_rate,volume
2026-06-01 15:02:20,5930,삼성전자,351500,10.88,34165908
2026-06-01 15:02:25,5930,삼성전자,351250,10.8,34169618
2026-06-01 15:02:30,5930,삼성전자,351500,10.88,34172843
2026-06-01 15:02:35,5930,삼성전자,351000,10.73,34176695
2026-06-01 15:02:40,5930,삼성전자,350500,10.57,34220499
2026-06-01 15:02:45,5930,삼성전자,351000,10.73,34227432
2026-06-01 15:02:50,5930,삼성전자,351000,10.73,34229479
2026-06-01 15:02:55,5930,삼성전자,351000,10.73,34231577
2026-06-01 15:03:00,5930,삼성전자,350500,10.57,34234133
2026-06-01 15:03:05,5930,삼성전자,350500,10.57,34241111
2026-06-01 15:03:10,5930,삼성전자,351000,10.73,34256484
2026-06-01 15:03:15,5930,삼성전자,351500,10.88,34271371
2026-06-01 15:03:20,5930,삼성전자,351000,10.73,34273559
2026-06-01 15:03:25,5930,삼성전자,351500,10.88,34275762
2026-06-01 15:03:31,5930,삼성전자,351500,10.88,34278402
2026-06-01 15:03:36,5930,삼성전자,351500,10.88,34284752
2026-06-01 15:03:41,5930,삼성전자,351500,10.88,34287896
2026-06-01 15:03:46,5930,삼성전자,351500,10.88,34291212
2026-06-01 15:03:51,5930,삼성전자,351500,10.88,34341760
2026-06-01 15:03:56,5930,삼성전자,351500,10.88,34365244
2026-06-01 15:04:01,5930,삼성전자,351750,10.96,34368766
2026-06-01 15:05:28,5930,삼성전자,353000,11.36,34746202
2026-06-01 15:05:33,5930,삼성전자,353000,11.36,34751011
2026-06-01 15:05:38,5930,삼성전자,352500,11.2,34756161
2026-06-01 15:05:43,5930,삼성전자,352500,11.2,34768317
2026-06-01 15:06:57,5930,삼성전자,353500,11.51,35065970
2026-06-01 15:07:02,5930,삼성전자,353500,11.51,35073094
2026-06-01 15:07:04,5930,삼성전자,354000,11.67,35074395
2026-06-01 15:07:09,5930,삼성전자,354000,11.67,35096006
2026-06-01 15:07:14,5930,삼성전자,353500,11.51,35104476
2026-06-01 15:07:19,5930,삼성전자,353500,11.51,35125878
2026-06-01 15:07:24,5930,삼성전자,353500,11.51,35134918
2026-06-01 15:07:29,5930,삼성전자,353250,11.44,35141453
2026-06-01 15:07:34,5930,삼성전자,353500,11.51,35160945
2026-06-01 15:07:39,5930,삼성전자,353500,11.51,35162649
2026-06-01 15:07:44,5930,삼성전자,354000,11.67,35164571
2026-06-01 15:07:50,5930,삼성전자,353750,11.59,35168269
2026-06-01 15:07:55,5930,삼성전자,354000,11.67,35173722
2026-06-01 15:08:00,5930,삼성전자,353750,11.59,35176751
2026-06-01 15:08:05,5930,삼성전자,353750,11.59,35184280
2026-06-01 15:08:10,5930,삼성전자,353500,11.51,35197548
2026-06-01 15:08:15,5930,삼성전자,353500,11.51,35207898
2026-06-01 15:08:20,5930,삼성전자,354000,11.67,35221495
2026-06-01 15:08:25,5930,삼성전자,354000,11.67,35223561
2026-06-01 15:08:30,5930,삼성전자,354000,11.67,35229589
2026-06-01 15:08:35,5930,삼성전자,353500,11.51,35233760
2026-06-01 15:08:40,5930,삼성전자,354000,11.67,35238408
2026-06-01 15:08:45,5930,삼성전자,354000,11.67,35241817
2026-06-01 15:08:50,5930,삼성전자,353500,11.51,35244351
2026-06-01 15:08:55,5930,삼성전자,353500,11.51,35247036
2026-06-01 15:09:00,5930,삼성전자,354250,11.75,35291356
2026-06-01 15:09:06,5930,삼성전자,354000,11.67,35303592
2026-06-01 15:09:11,5930,삼성전자,353750,11.59,35323921
2026-06-01 15:09:16,5930,삼성전자,353000,11.36,35346085
2026-06-01 15:09:21,5930,삼성전자,353500,11.51,35367367
2026-06-01 15:09:26,5930,삼성전자,353000,11.36,35374948
2026-06-01 15:09:31,5930,삼성전자,353000,11.36,35380708
2026-06-01 15:09:36,5930,삼성전자,352500,11.2,35384845
2026-06-01 15:09:41,5930,삼성전자,353000,11.36,35390871
2026-06-01 15:10:23,5930,삼성전자,353000,11.36,35488214
2026-06-01 15:10:28,5930,삼성전자,353000,11.36,35496038
2026-06-01 15:10:33,5930,삼성전자,352500,11.2,35500081
2026-06-01 15:10:38,5930,삼성전자,353000,11.36,35504094
2026-06-01 15:10:43,5930,삼성전자,352500,11.2,35506785
2026-06-01 15:10:48,5930,삼성전자,352500,11.2,35508971
2026-06-01 15:10:53,5930,삼성전자,352750,11.28,35511000
2026-06-01 15:10:59,5930,삼성전자,352500,11.2,35518549
2026-06-01 15:11:04,5930,삼성전자,353000,11.36,35535852
2026-06-01 15:11:09,5930,삼성전자,352500,11.2,35538433
2026-06-01 15:11:14,5930,삼성전자,352500,11.2,35540824
2026-06-01 15:11:19,5930,삼성전자,352500,11.2,35548221
2026-06-01 15:11:24,5930,삼성전자,353000,11.36,35550205
2026-06-01 15:11:29,5930,삼성전자,352500,11.2,35555482
2026-06-01 15:11:34,5930,삼성전자,352500,11.2,35567304
2026-06-01 15:11:39,5930,삼성전자,353000,11.36,35592085
2026-06-01 15:11:44,5930,삼성전자,352500,11.2,35607186
2026-06-01 15:11:49,5930,삼성전자,353000,11.36,35612753
2026-06-01 15:11:54,5930,삼성전자,353500,11.51,35623620
2026-06-01 15:11:59,5930,삼성전자,353000,11.36,35627609
2026-06-01 15:12:04,5930,삼성전자,353500,11.51,35635503
2026-06-01 15:12:09,5930,삼성전자,353500,11.51,35644966
2026-06-01 15:12:15,5930,삼성전자,353000,11.36,35647923
2026-06-01 15:12:20,5930,삼성전자,353500,11.51,35656268
2026-06-01 15:12:25,5930,삼성전자,353500,11.51,35658467
2026-06-01 15:12:30,5930,삼성전자,353500,11.51,35660208
2026-06-01 15:12:35,5930,삼성전자,353000,11.36,35665259
2026-06-01 15:12:40,5930,삼성전자,353000,11.36,35704021
2026-06-01 15:12:45,5930,삼성전자,353000,11.36,35707350
2026-06-01 15:12:50,5930,삼성전자,352500,11.2,35712181
2026-06-01 15:12:55,5930,삼성전자,352500,11.2,35715894
2026-06-01 15:13:00,5930,삼성전자,353000,11.36,35717823
2026-06-01 15:13:05,5930,삼성전자,353000,11.36,35722013
2026-06-01 15:13:10,5930,삼성전자,352500,11.2,35734355
2026-06-01 15:13:16,5930,삼성전자,352500,11.2,35740624
2026-06-01 15:13:21,5930,삼성전자,352500,11.2,35778437
2026-06-01 15:13:26,5930,삼성전자,352000,11.04,35780803
2026-06-01 15:13:31,5930,삼성전자,352500,11.2,35795953
2026-06-01 15:13:36,5930,삼성전자,352250,11.12,35802018
2026-06-01 15:13:41,5930,삼성전자,352500,11.2,35808490
2026-06-01 15:13:46,5930,삼성전자,352000,11.04,35812281
2026-06-01 15:13:51,5930,삼성전자,352250,11.12,35819435
2026-06-01 15:13:56,5930,삼성전자,352250,11.12,35824873
2026-06-01 15:14:01,5930,삼성전자,351750,10.96,35849620
2026-06-01 15:14:06,5930,삼성전자,351500,10.88,35854499
2026-06-01 15:14:11,5930,삼성전자,351500,10.88,35861030
2026-06-01 15:14:16,5930,삼성전자,351500,10.88,35875448
2026-06-01 15:14:21,5930,삼성전자,352000,11.04,35902505
2026-06-01 15:14:27,5930,삼성전자,352000,11.04,35906863
2026-06-01 15:14:32,5930,삼성전자,352500,11.2,35938772
2026-06-01 15:14:37,5930,삼성전자,352500,11.2,35944051
2026-06-01 15:14:42,5930,삼성전자,352500,11.2,35951708
2026-06-01 15:14:47,5930,삼성전자,352500,11.2,35956855
2026-06-01 15:14:52,5930,삼성전자,352000,11.04,35959678
2026-06-01 15:14:57,5930,삼성전자,352000,11.04,35965866
2026-06-01 15:15:02,5930,삼성전자,352500,11.2,35978979
2026-06-01 15:15:07,5930,삼성전자,352500,11.2,35989063
2026-06-01 15:15:12,5930,삼성전자,352500,11.2,35991988
2026-06-01 15:15:17,5930,삼성전자,352000,11.04,36000276
2026-06-01 15:15:22,5930,삼성전자,352500,11.2,36004490
2026-06-01 15:15:27,5930,삼성전자,352000,11.04,36012506
2026-06-01 15:15:32,5930,삼성전자,352250,11.12,36018565
2026-06-01 15:15:38,5930,삼성전자,352000,11.04,36057684
2026-06-01 15:15:43,5930,삼성전자,352000,11.04,36065089
2026-06-01 15:15:48,5930,삼성전자,352000,11.04,36079459
2026-06-01 15:15:53,5930,삼성전자,352000,11.04,36084122
2026-06-01 15:15:58,5930,삼성전자,351500,10.88,36102790
2026-06-01 15:16:03,5930,삼성전자,351500,10.88,36113707
2026-06-01 15:16:08,5930,삼성전자,351250,10.8,36131001
2026-06-01 15:16:13,5930,삼성전자,352000,11.04,36143707
2026-06-01 15:16:18,5930,삼성전자,352000,11.04,36150245
2026-06-01 15:16:23,5930,삼성전자,352000,11.04,36168627
2026-06-01 15:16:28,5930,삼성전자,351500,10.88,36176580
2026-06-01 15:16:33,5930,삼성전자,352000,11.04,36187198
2026-06-01 15:16:38,5930,삼성전자,352000,11.04,36188402
2026-06-01 15:16:43,5930,삼성전자,352000,11.04,36204108
2026-06-01 15:16:49,5930,삼성전자,351500,10.88,36216671
2026-06-01 15:16:54,5930,삼성전자,352000,11.04,36230913
2026-06-01 15:16:59,5930,삼성전자,352000,11.04,36241661
2026-06-01 15:17:04,5930,삼성전자,351750,10.96,36248830
2026-06-01 15:17:09,5930,삼성전자,352000,11.04,36255952
2026-06-01 15:17:14,5930,삼성전자,351750,10.96,36259840
2026-06-01 15:17:19,5930,삼성전자,352000,11.04,36270898
2026-06-01 15:17:24,5930,삼성전자,351000,10.73,36303561
2026-06-01 15:17:29,5930,삼성전자,351500,10.88,36315659
2026-06-01 15:17:34,5930,삼성전자,351500,10.88,36328823
2026-06-01 15:17:39,5930,삼성전자,351500,10.88,36340208
2026-06-01 15:17:44,5930,삼성전자,351000,10.73,36346107
2026-06-01 15:17:49,5930,삼성전자,351500,10.88,36379413
2026-06-01 15:17:54,5930,삼성전자,351500,10.88,36384437
2026-06-01 15:18:00,5930,삼성전자,351000,10.73,36394136
2026-06-01 15:18:05,5930,삼성전자,351000,10.73,36405265
2026-06-01 15:18:10,5930,삼성전자,351000,10.73,36411070
2026-06-01 15:18:15,5930,삼성전자,351000,10.73,36421266
2026-06-01 15:18:20,5930,삼성전자,351500,10.88,36424879
2026-06-01 15:18:25,5930,삼성전자,351500,10.88,36434761
2026-06-01 15:18:30,5930,삼성전자,352000,11.04,36442981
2026-06-01 15:18:35,5930,삼성전자,352000,11.04,36453211
2026-06-01 15:18:40,5930,삼성전자,351500,10.88,36463736
2026-06-01 15:18:45,5930,삼성전자,351500,10.88,36474233
2026-06-01 15:18:50,5930,삼성전자,351750,10.96,36480203
2026-06-01 15:18:55,5930,삼성전자,352000,11.04,36516659
2026-06-01 15:19:00,5930,삼성전자,351500,10.88,36542857
2026-06-01 15:19:05,5930,삼성전자,351500,10.88,36550099
2026-06-01 15:19:10,5930,삼성전자,352000,11.04,36560251
2026-06-01 15:19:16,5930,삼성전자,351500,10.88,36575468
2026-06-01 15:19:21,5930,삼성전자,352000,11.04,36584647
2026-06-01 15:19:26,5930,삼성전자,351000,10.73,36601010
2026-06-01 15:19:31,5930,삼성전자,351500,10.88,36610550
2026-06-01 15:19:36,5930,삼성전자,351500,10.88,36638015
2026-06-01 15:19:41,5930,삼성전자,352000,11.04,36645233
2026-06-01 15:19:46,5930,삼성전자,352000,11.04,36659030
2026-06-01 15:19:51,5930,삼성전자,352000,11.04,36666779
2026-06-01 15:19:56,5930,삼성전자,352000,11.04,36678231
2026-06-01 15:20:01,5930,삼성전자,351500,10.88,36679661
2026-06-01 15:20:06,5930,삼성전자,351500,10.88,36679661
2026-06-01 15:20:11,5930,삼성전자,351500,10.88,36679661
2026-06-01 15:20:16,5930,삼성전자,351500,10.88,36679661
2026-06-01 15:20:22,5930,삼성전자,351500,10.88,36679661
2026-06-01 15:20:27,5930,삼성전자,351500,10.88,36679661
2026-06-01 15:20:32,5930,삼성전자,351500,10.88,36679661
2026-06-01 15:20:37,5930,삼성전자,351500,10.88,36679661
2026-06-01 15:20:42,5930,삼성전자,351500,10.88,36679661
2026-06-01 15:20:47,5930,삼성전자,351500,10.88,36679661
2026-06-01 15:20:52,5930,삼성전자,351500,10.88,36679661
2026-06-01 15:20:57,5930,삼성전자,351500,10.88,36679661
2026-06-01 15:21:02,5930,삼성전자,351500,10.88,36679661
2026-06-01 15:21:07,5930,삼성전자,351500,10.88,36679661
2026-06-01 15:21:12,5930,삼성전자,351500,10.88,36679661
2026-06-01 15:21:17,5930,삼성전자,351500,10.88,36679661
2026-06-01 15:21:22,5930,삼성전자,351500,10.88,36679661
2026-06-01 15:21:27,5930,삼성전자,351500,10.88,36679661
2026-06-01 15:21:33,5930,삼성전자,351500,10.88,36679661
2026-06-01 15:21:38,5930,삼성전자,351500,10.88,36679661
2026-06-01 15:21:43,5930,삼성전자,351500,10.88,36679661
2026-06-01 15:21:48,5930,삼성전자,351500,10.88,36679661
2026-06-01 15:21:53,5930,삼성전자,351500,10.88,36679661
2026-06-01 15:21:58,5930,삼성전자,351500,10.88,36679661
2026-06-01 15:22:03,5930,삼성전자,351500,10.88,36679661
2026-06-01 15:22:08,5930,삼성전자,351500,10.88,36679661
2026-06-01 15:22:13,5930,삼성전자,351500,10.88,36679661
2026-06-01 15:22:18,5930,삼성전자,351500,10.88,36679661
2026-06-01 15:22:23,5930,삼성전자,351500,10.88,36679661
2026-06-01 15:22:28,5930,삼성전자,351500,10.88,36679661
2026-06-01 15:22:33,5930,삼성전자,351500,10.88,36679661
2026-06-01 15:22:39,5930,삼성전자,351500,10.88,36679661
2026-06-01 15:22:44,5930,삼성전자,351500,10.88,36679661
2026-06-01 15:22:49,5930,삼성전자,351500,10.88,36679661
2026-06-01 15:22:54,5930,삼성전자,351500,10.88,36679661
2026-06-01 15:22:59,5930,삼성전자,351500,10.88,36679661
2026-06-01 15:23:04,5930,삼성전자,351500,10.88,36679661
2026-06-01 15:23:09,5930,삼성전자,351500,10.88,36679661
2026-06-01 15:23:14,5930,삼성전자,351500,10.88,36679661
2026-06-01 15:23:19,5930,삼성전자,351500,10.88,36679661
2026-06-01 15:23:24,5930,삼성전자,351500,10.88,36679661
2026-06-01 15:23:29,5930,삼성전자,351500,10.88,36679661
2026-06-01 15:23:34,5930,삼성전자,351500,10.88,36679661
2026-06-01 15:23:39,5930,삼성전자,351500,10.88,36679661
2026-06-01 15:23:44,5930,삼성전자,351500,10.88,36679661
2026-06-01 15:23:50,5930,삼성전자,351500,10.88,36679661
2026-06-01 15:23:55,5930,삼성전자,351500,10.88,36679661
2026-06-01 15:24:00,5930,삼성전자,351500,10.88,36679661
2026-06-01 15:24:05,5930,삼성전자,351500,10.88,36679661
2026-06-01 15:24:10,5930,삼성전자,351500,10.88,36679661
2026-06-01 15:24:15,5930,삼성전자,351500,10.88,36679661
2026-06-01 15:24:20,5930,삼성전자,351500,10.88,36679661
2026-06-01 15:24:25,5930,삼성전자,351500,10.88,36679661
2026-06-01 15:24:30,5930,삼성전자,351500,10.88,36679661
2026-06-01 15:24:35,5930,삼성전자,351500,10.88,36679661
2026-06-01 15:24:40,5930,삼성전자,351500,10.88,36679661
2026-06-01 15:24:45,5930,삼성전자,351500,10.88,36679661
2026-06-01 15:24:50,5930,삼성전자,351500,10.88,36679661
2026-06-01 15:24:55,5930,삼성전자,351500,10.88,36679661
2026-06-01 15:25:01,5930,삼성전자,351500,10.88,36679661
2026-06-01 15:25:06,5930,삼성전자,351500,10.88,36679661
2026-06-01 15:25:11,5930,삼성전자,351500,10.88,36679661
2026-06-01 15:25:16,5930,삼성전자,351500,10.88,36679661
2026-06-01 15:25:21,5930,삼성전자,351500,10.88,36679661
2026-06-01 15:25:26,5930,삼성전자,351500,10.88,36679661
2026-06-01 15:25:31,5930,삼성전자,351500,10.88,36679661
2026-06-01 15:25:36,5930,삼성전자,351500,10.88,36679661
2026-06-01 15:25:41,5930,삼성전자,351500,10.88,36679661
2026-06-01 15:25:46,5930,삼성전자,351500,10.88,36679661
2026-06-01 15:25:51,5930,삼성전자,351500,10.88,36679661
2026-06-01 15:25:56,5930,삼성전자,351500,10.88,36679661
2026-06-01 15:26:01,5930,삼성전자,351500,10.88,36679661
2026-06-01 15:26:07,5930,삼성전자,351500,10.88,36679661
2026-06-01 15:26:12,5930,삼성전자,351500,10.88,36679661
2026-06-01 15:26:17,5930,삼성전자,351500,10.88,36679661
2026-06-01 15:26:22,5930,삼성전자,351500,10.88,36679661
2026-06-01 15:26:27,5930,삼성전자,351500,10.88,36679661
2026-06-01 15:26:32,5930,삼성전자,351500,10.88,36679661
2026-06-01 15:26:37,5930,삼성전자,351500,10.88,36679661
2026-06-01 15:26:42,5930,삼성전자,351500,10.88,36679661
2026-06-01 15:26:47,5930,삼성전자,351500,10.88,36679661
2026-06-01 15:26:52,5930,삼성전자,351500,10.88,36679661
2026-06-01 15:26:57,5930,삼성전자,351500,10.88,36679661
2026-06-01 15:27:02,5930,삼성전자,351500,10.88,36679661
2026-06-01 15:27:07,5930,삼성전자,351500,10.88,36679661
2026-06-01 15:27:13,5930,삼성전자,351500,10.88,36679661
2026-06-01 15:27:18,5930,삼성전자,351500,10.88,36679661
2026-06-01 15:27:23,5930,삼성전자,351500,10.88,36679661
2026-06-01 15:27:28,5930,삼성전자,351500,10.88,36679661
2026-06-01 15:27:33,5930,삼성전자,351500,10.88,36679661
2026-06-01 15:27:38,5930,삼성전자,351500,10.88,36679661
2026-06-01 15:27:43,5930,삼성전자,351500,10.88,36679661
2026-06-01 15:27:48,5930,삼성전자,351500,10.88,36679661
2026-06-01 15:27:53,5930,삼성전자,351500,10.88,36679661
2026-06-01 15:27:58,5930,삼성전자,351500,10.88,36679661
2026-06-01 15:28:03,5930,삼성전자,351500,10.88,36679661
2026-06-01 15:28:08,5930,삼성전자,351500,10.88,36679661
2026-06-01 15:28:13,5930,삼성전자,351500,10.88,36679661
2026-06-01 15:28:18,5930,삼성전자,351500,10.88,36679661
2026-06-01 15:28:24,5930,삼성전자,351500,10.88,36679661
2026-06-01 15:28:29,5930,삼성전자,351500,10.88,36679661
2026-06-01 15:28:34,5930,삼성전자,351500,10.88,36679661
2026-06-01 15:28:39,5930,삼성전자,351500,10.88,36679661
2026-06-01 15:28:44,5930,삼성전자,351500,10.88,36679661
2026-06-01 15:28:49,5930,삼성전자,351500,10.88,36679661
2026-06-01 15:28:54,5930,삼성전자,351500,10.88,36679661
2026-06-01 15:28:59,5930,삼성전자,351500,10.88,36679661
2026-06-01 15:29:04,5930,삼성전자,351500,10.88,36679661
2026-06-01 15:29:09,5930,삼성전자,351500,10.88,36679661
2026-06-01 15:29:14,5930,삼성전자,351500,10.88,36679661
2026-06-01 15:29:19,5930,삼성전자,351500,10.88,36679661
2026-06-01 15:29:24,5930,삼성전자,351500,10.88,36679661
2026-06-01 15:29:29,5930,삼성전자,351500,10.88,36679661
2026-06-01 15:29:34,5930,삼성전자,351500,10.88,36679661
2026-06-01 15:29:40,5930,삼성전자,351500,10.88,36679661
2026-06-01 15:29:45,5930,삼성전자,351500,10.88,36679661
2026-06-01 15:29:50,5930,삼성전자,351500,10.88,36679661
2026-06-01 15:29:55,5930,삼성전자,351500,10.88,36679661
2026-06-01 15:30:00,5930,삼성전자,351500,10.88,36679661
2026-06-02 08:57:22,5930,삼성전자,349000,0.0,172
2026-06-02 08:57:27,5930,삼성전자,349000,0.0,172
2026-06-02 08:57:32,5930,삼성전자,349000,0.0,172
2026-06-02 08:57:37,5930,삼성전자,349000,0.0,172
2026-06-02 08:57:42,5930,삼성전자,349000,0.0,172
2026-06-02 08:57:47,5930,삼성전자,349000,0.0,172
2026-06-02 08:57:52,5930,삼성전자,349000,0.0,172
2026-06-02 08:58:13,5930,삼성전자,349000,0.0,172
2026-06-02 08:58:18,5930,삼성전자,349000,0.0,172
2026-06-02 08:58:23,5930,삼성전자,349000,0.0,172
2026-06-02 08:58:28,5930,삼성전자,349000,0.0,172
2026-06-02 08:58:33,5930,삼성전자,349000,0.0,172
2026-06-02 08:58:38,5930,삼성전자,349000,0.0,172
2026-06-02 08:58:43,5930,삼성전자,349000,0.0,172
2026-06-02 08:58:48,5930,삼성전자,349000,0.0,172
2026-06-02 08:58:54,5930,삼성전자,349000,0.0,172
2026-06-02 08:58:59,5930,삼성전자,349000,0.0,172
2026-06-02 08:59:04,5930,삼성전자,349000,0.0,172
2026-06-02 08:59:09,5930,삼성전자,349000,0.0,172
2026-06-02 08:59:14,5930,삼성전자,349000,0.0,172
2026-06-02 08:59:19,5930,삼성전자,349000,0.0,172
2026-06-02 08:59:24,5930,삼성전자,349000,0.0,172
2026-06-02 08:59:29,5930,삼성전자,349000,0.0,172
2026-06-02 08:59:34,5930,삼성전자,349000,0.0,172
2026-06-02 08:59:39,5930,삼성전자,349000,0.0,172
2026-06-02 08:59:45,5930,삼성전자,349000,0.0,172
2026-06-02 08:59:50,5930,삼성전자,349000,0.0,172
2026-06-02 08:59:55,5930,삼성전자,349000,0.0,172
2026-06-02 09:00:00,5930,삼성전자,349000,0.0,172
2026-06-02 09:00:05,5930,삼성전자,349000,0.0,172
2026-06-02 09:00:10,5930,삼성전자,362000,3.72,2490273
2026-06-02 09:00:15,5930,삼성전자,362500,3.87,2605577
2026-06-02 09:00:20,5930,삼성전자,361500,3.58,2733224
2026-06-02 09:00:25,5930,삼성전자,362500,3.87,2827581
2026-06-02 09:00:30,5930,삼성전자,362000,3.72,3033558
2026-06-02 09:00:35,5930,삼성전자,362000,3.72,3165684
2026-06-02 09:00:40,5930,삼성전자,362500,3.87,3223623
2026-06-02 09:00:46,5930,삼성전자,361000,3.44,3313875
2026-06-02 09:00:51,5930,삼성전자,361000,3.44,3334574
2026-06-02 09:01:10,5930,삼성전자,361500,3.58,3567900
2026-06-02 09:01:15,5930,삼성전자,362500,3.87,3635680
2026-06-02 09:01:20,5930,삼성전자,361500,3.58,3682316
2026-06-02 09:01:25,5930,삼성전자,362500,3.87,3751669
2026-06-02 09:01:30,5930,삼성전자,363000,4.01,3830085
2026-06-02 09:01:36,5930,삼성전자,363500,4.15,3894419
2026-06-02 09:01:41,5930,삼성전자,363500,4.15,3972758
2026-06-02 09:01:46,5930,삼성전자,364000,4.3,4002954
2026-06-02 09:01:51,5930,삼성전자,364500,4.44,4041635
2026-06-02 09:01:56,5930,삼성전자,364500,4.44,4112079
2026-06-02 09:02:01,5930,삼성전자,364500,4.44,4173087
2026-06-02 09:02:07,5930,삼성전자,365000,4.58,4218641
2026-06-02 09:02:12,5930,삼성전자,365000,4.58,4251078
2026-06-02 09:02:17,5930,삼성전자,365500,4.73,4279203
2026-06-02 09:02:22,5930,삼성전자,365500,4.73,4353521
2026-06-02 09:02:27,5930,삼성전자,365500,4.73,4512469
2026-06-02 09:02:32,5930,삼성전자,365500,4.73,4545175
2026-06-02 09:02:37,5930,삼성전자,365500,4.73,4562659
2026-06-02 09:02:42,5930,삼성전자,365500,4.73,4612638
2026-06-02 09:02:47,5930,삼성전자,366000,4.87,4627370
2026-06-02 09:02:52,5930,삼성전자,366000,4.87,4641074
2026-06-02 09:02:57,5930,삼성전자,366000,4.87,4666611
2026-06-02 09:03:03,5930,삼성전자,366500,5.01,4688552
2026-06-02 09:03:08,5930,삼성전자,366500,5.01,4774907
2026-06-02 09:03:13,5930,삼성전자,367500,5.3,4833924
2026-06-02 09:03:18,5930,삼성전자,367500,5.3,4856585
2026-06-02 09:03:23,5930,삼성전자,368000,5.44,4891428
2026-06-02 09:03:28,5930,삼성전자,368000,5.44,4927777
2026-06-02 09:03:33,5930,삼성전자,368500,5.59,4966284
2026-06-02 09:03:38,5930,삼성전자,368500,5.59,4992928
2026-06-02 09:03:44,5930,삼성전자,369500,5.87,5029165
2026-06-02 09:03:49,5930,삼성전자,369500,5.87,5046609
2026-06-02 09:03:54,5930,삼성전자,368000,5.44,5101710
2026-06-02 09:03:59,5930,삼성전자,369500,5.87,5126122
2026-06-02 09:04:04,5930,삼성전자,369500,5.87,5148897
2026-06-02 09:04:09,5930,삼성전자,369500,5.87,5180301
2026-06-02 09:04:14,5930,삼성전자,369500,5.87,5238406
2026-06-02 09:04:19,5930,삼성전자,369500,5.87,5256951
2026-06-02 09:04:24,5930,삼성전자,369000,5.73,5268933
2026-06-02 09:04:29,5930,삼성전자,369500,5.87,5288566
2026-06-02 09:04:34,5930,삼성전자,369500,5.87,5307493
2026-06-02 09:04:39,5930,삼성전자,369500,5.87,5383361
2026-06-02 09:04:44,5930,삼성전자,369000,5.73,5402104
2026-06-02 09:04:50,5930,삼성전자,369500,5.87,5420671
2026-06-02 09:04:55,5930,삼성전자,369000,5.73,5429212
2026-06-02 09:05:00,5930,삼성전자,369500,5.87,5446631
2026-06-02 09:05:05,5930,삼성전자,369000,5.73,5474170
2026-06-02 09:05:10,5930,삼성전자,369000,5.73,5489664
2026-06-02 09:05:15,5930,삼성전자,369000,5.73,5521703
2026-06-02 09:05:20,5930,삼성전자,369500,5.87,5555052
2026-06-02 09:05:25,5930,삼성전자,369500,5.87,5604472
2026-06-02 09:05:31,5930,삼성전자,369000,5.73,5622051
2026-06-02 09:05:36,5930,삼성전자,369000,5.73,5668363
2026-06-02 09:05:41,5930,삼성전자,369000,5.73,5681833
2026-06-02 09:05:46,5930,삼성전자,369000,5.73,5710867
2026-06-02 09:05:51,5930,삼성전자,368500,5.59,5725056
2026-06-02 09:05:56,5930,삼성전자,367500,5.3,5783860
2026-06-02 09:06:01,5930,삼성전자,367000,5.16,5826684
2026-06-02 09:06:07,5930,삼성전자,365500,4.73,5876511
2026-06-02 09:06:12,5930,삼성전자,364000,4.3,5949360
2026-06-02 09:06:17,5930,삼성전자,363000,4.01,5989781
2026-06-02 09:06:22,5930,삼성전자,362500,3.87,6036714
2026-06-02 09:06:27,5930,삼성전자,362000,3.72,6052349
2026-06-02 09:06:32,5930,삼성전자,362000,3.72,6073266
2026-06-02 09:06:37,5930,삼성전자,361000,3.44,6107021
2026-06-02 09:06:42,5930,삼성전자,360000,3.15,6166746
2026-06-02 09:06:47,5930,삼성전자,360000,3.15,6278942
2026-06-02 09:06:52,5930,삼성전자,360000,3.15,6299793
2026-06-02 09:06:57,5930,삼성전자,359500,3.01,6338892
2026-06-02 09:07:02,5930,삼성전자,359000,2.87,6356859
2026-06-02 09:07:07,5930,삼성전자,358000,2.58,6424888
2026-06-02 09:07:13,5930,삼성전자,357000,2.29,6465266
2026-06-02 09:07:18,5930,삼성전자,356500,2.15,6507209
2026-06-02 09:07:23,5930,삼성전자,355500,1.86,6636706
2026-06-02 09:07:28,5930,삼성전자,355500,1.86,6681695
2026-06-02 09:07:33,5930,삼성전자,354500,1.58,6770596
2026-06-02 09:07:38,5930,삼성전자,353500,1.29,6815352
2026-06-02 09:07:43,5930,삼성전자,353000,1.15,6874026
2026-06-02 09:07:48,5930,삼성전자,352500,1.0,6917826
2026-06-02 09:07:53,5930,삼성전자,352000,0.86,6984533
2026-06-02 09:07:58,5930,삼성전자,350500,0.43,7082625
2026-06-02 09:08:03,5930,삼성전자,350000,0.29,7213566
2026-06-02 09:08:09,5930,삼성전자,349500,0.14,7352312
2026-06-02 09:08:14,5930,삼성전자,349500,0.14,7427881
2026-06-02 09:08:19,5930,삼성전자,348000,-0.29,7551314
2026-06-02 09:08:24,5930,삼성전자,346500,-0.72,7635518
2026-06-02 09:08:29,5930,삼성전자,345500,-1.0,7757948
2026-06-02 09:08:34,5930,삼성전자,344500,-1.29,7820288
2026-06-02 09:08:39,5930,삼성전자,344000,-1.43,7905621
2026-06-02 09:08:44,5930,삼성전자,343500,-1.58,7968027
2026-06-02 09:08:49,5930,삼성전자,343500,-1.58,8076367
2026-06-02 09:08:54,5930,삼성전자,344500,-1.29,8249870
2026-06-02 09:08:59,5930,삼성전자,344500,-1.29,8330057
2026-06-02 09:09:05,5930,삼성전자,345500,-1.0,8420541
2026-06-02 09:09:10,5930,삼성전자,347000,-0.57,8472160
2026-06-02 09:09:15,5930,삼성전자,348000,-0.29,8544322
2026-06-02 09:09:20,5930,삼성전자,349500,0.14,8585068
2026-06-02 09:09:25,5930,삼성전자,350500,0.43,8630304
2026-06-02 09:09:30,5930,삼성전자,352000,0.86,8686980
2026-06-02 09:09:35,5930,삼성전자,354000,1.43,8726323
2026-06-02 09:09:40,5930,삼성전자,355500,1.86,8779511
2026-06-02 09:09:45,5930,삼성전자,355500,1.86,8826515
2026-06-02 09:09:50,5930,삼성전자,356500,2.15,8927043
2026-06-02 09:09:55,5930,삼성전자,357500,2.44,8971055
2026-06-02 09:10:00,5930,삼성전자,357000,2.29,9056501
2026-06-02 09:10:06,5930,삼성전자,357500,2.44,9100862
2026-06-02 09:10:11,5930,삼성전자,359500,3.01,9153643
2026-06-02 09:10:16,5930,삼성전자,360500,3.3,9220451
2026-06-02 09:10:21,5930,삼성전자,361500,3.58,9267411
2026-06-02 09:10:26,5930,삼성전자,362500,3.87,9312628
2026-06-02 09:10:31,5930,삼성전자,361500,3.58,9361039
2026-06-02 09:10:37,5930,삼성전자,360500,3.3,9415784
2026-06-02 09:10:42,5930,삼성전자,358000,2.58,9497547
2026-06-02 09:10:47,5930,삼성전자,359000,2.87,9537559
2026-06-02 09:10:53,5930,삼성전자,359500,3.01,9584935
2026-06-02 09:10:58,5930,삼성전자,359500,3.01,9624698
2026-06-02 09:11:03,5930,삼성전자,359500,3.01,9658016
2026-06-02 09:11:09,5930,삼성전자,360000,3.15,9696345
2026-06-02 09:11:14,5930,삼성전자,360500,3.3,9723832
2026-06-02 09:11:19,5930,삼성전자,361500,3.58,9751777
2026-06-02 09:11:24,5930,삼성전자,361500,3.58,9765425
2026-06-02 09:11:29,5930,삼성전자,360500,3.3,9839798
2026-06-02 09:11:34,5930,삼성전자,361000,3.44,9863049
2026-06-02 09:11:39,5930,삼성전자,361500,3.58,9874257
2026-06-02 09:11:44,5930,삼성전자,361000,3.44,9889161
2026-06-02 09:11:49,5930,삼성전자,360500,3.3,9923759
2026-06-02 09:11:54,5930,삼성전자,361000,3.44,9969565
2026-06-02 09:12:00,5930,삼성전자,360000,3.15,9985623
2026-06-02 09:12:05,5930,삼성전자,361000,3.44,9999786
2026-06-02 09:12:10,5930,삼성전자,361500,3.58,10041864
2026-06-02 09:12:15,5930,삼성전자,361000,3.44,10064359
2026-06-02 09:12:20,5930,삼성전자,361000,3.44,10079857
2026-06-02 09:12:25,5930,삼성전자,361500,3.58,10119474
2026-06-02 09:12:30,5930,삼성전자,359500,3.01,10193061
2026-06-02 09:12:35,5930,삼성전자,360500,3.3,10224521
2026-06-02 09:12:40,5930,삼성전자,360750,3.37,10236883
2026-06-02 09:12:45,5930,삼성전자,360000,3.15,10262314
2026-06-02 09:12:50,5930,삼성전자,360500,3.3,10276263
2026-06-02 09:12:55,5930,삼성전자,360500,3.3,10291182
2026-06-02 09:13:00,5930,삼성전자,361000,3.44,10322393
2026-06-02 09:13:06,5930,삼성전자,361000,3.44,10367677
2026-06-02 09:13:11,5930,삼성전자,361500,3.58,10391820
2026-06-02 09:13:16,5930,삼성전자,362000,3.72,10424347
2026-06-02 09:13:21,5930,삼성전자,362000,3.72,10451397
2026-06-02 09:13:26,5930,삼성전자,362000,3.72,10457572
2026-06-02 09:13:31,5930,삼성전자,362000,3.72,10474742
2026-06-02 09:13:36,5930,삼성전자,362000,3.72,10497440
2026-06-02 09:13:41,5930,삼성전자,362500,3.87,10512155
2026-06-02 09:13:46,5930,삼성전자,363000,4.01,10552397
2026-06-02 09:13:51,5930,삼성전자,362500,3.87,10582724
2026-06-02 09:13:56,5930,삼성전자,362000,3.72,10624895
2026-06-02 09:14:01,5930,삼성전자,362000,3.72,10636702
2026-06-02 09:14:09,5930,삼성전자,361500,3.58,10675300
2026-06-02 09:14:14,5930,삼성전자,360500,3.3,10698956
2026-06-02 09:14:19,5930,삼성전자,361000,3.44,10736993
2026-06-02 09:14:24,5930,삼성전자,362000,3.72,10764830
2026-06-02 09:14:29,5930,삼성전자,362000,3.72,10784061
2026-06-02 09:14:34,5930,삼성전자,362000,3.72,10805300
2026-06-02 09:14:40,5930,삼성전자,362500,3.87,10815014
2026-06-02 09:14:45,5930,삼성전자,362500,3.87,10856023
2026-06-02 09:14:50,5930,삼성전자,362500,3.87,10878170
2026-06-02 09:14:55,5930,삼성전자,362500,3.87,10889150
2026-06-02 09:15:00,5930,삼성전자,362500,3.87,10908162
2026-06-02 09:15:05,5930,삼성전자,363000,4.01,10931168
2026-06-02 09:15:10,5930,삼성전자,363000,4.01,10950953
2026-06-02 09:15:15,5930,삼성전자,363000,4.01,10997757
2026-06-02 09:15:20,5930,삼성전자,363500,4.15,11041060
2026-06-02 09:15:25,5930,삼성전자,362500,3.87,11075541
2026-06-02 09:15:30,5930,삼성전자,362500,3.87,11091319
2026-06-02 09:15:36,5930,삼성전자,362000,3.72,11121242
2026-06-02 09:15:41,5930,삼성전자,362000,3.72,11153011
2026-06-02 09:15:46,5930,삼성전자,362000,3.72,11167652
2026-06-02 09:15:51,5930,삼성전자,361500,3.58,11177209
2026-06-02 09:15:56,5930,삼성전자,360500,3.3,11216141
2026-06-02 09:16:01,5930,삼성전자,360500,3.3,11235806
2026-06-02 09:16:06,5930,삼성전자,360500,3.3,11242987
2026-06-02 09:16:11,5930,삼성전자,359500,3.01,11282457
2026-06-02 09:16:16,5930,삼성전자,359500,3.01,11306903
2026-06-02 09:16:21,5930,삼성전자,358500,2.72,11337342
2026-06-02 09:16:26,5930,삼성전자,358000,2.58,11371002
2026-06-02 09:16:32,5930,삼성전자,357500,2.44,11400875
2026-06-02 09:16:37,5930,삼성전자,356500,2.15,11421083
2026-06-02 09:16:42,5930,삼성전자,355500,1.86,11455527
2026-06-02 09:16:47,5930,삼성전자,355500,1.86,11529548
2026-06-02 09:16:52,5930,삼성전자,356500,2.15,11565176
2026-06-02 09:16:57,5930,삼성전자,356500,2.15,11599855
2026-06-02 09:17:02,5930,삼성전자,355500,1.86,11626838
2026-06-02 09:17:07,5930,삼성전자,355500,1.86,11658172
2026-06-02 09:17:12,5930,삼성전자,355500,1.86,11697306
2026-06-02 09:17:17,5930,삼성전자,356000,2.01,11780319
2026-06-02 09:17:22,5930,삼성전자,356000,2.01,11806045
2026-06-02 09:17:27,5930,삼성전자,355500,1.86,11813801
2026-06-02 09:17:33,5930,삼성전자,357000,2.29,11897756
2026-06-02 09:17:38,5930,삼성전자,356750,2.22,11915394
2026-06-02 09:17:43,5930,삼성전자,357000,2.29,11932863
2026-06-02 09:17:48,5930,삼성전자,356500,2.15,11952198
2026-06-02 09:17:53,5930,삼성전자,356500,2.15,11968605
2026-06-02 09:17:58,5930,삼성전자,356000,2.01,11997318
2026-06-02 09:18:03,5930,삼성전자,356000,2.01,12017093
2026-06-02 09:18:08,5930,삼성전자,356500,2.15,12076376
2026-06-02 09:18:13,5930,삼성전자,356000,2.01,12088343
2026-06-02 09:18:18,5930,삼성전자,356000,2.01,12102253
2026-06-02 09:18:23,5930,삼성전자,356000,2.01,12128484
2026-06-02 09:18:28,5930,삼성전자,356000,2.01,12140300
2026-06-02 09:18:34,5930,삼성전자,356000,2.01,12149801
2026-06-02 09:18:39,5930,삼성전자,355500,1.86,12160884
2026-06-02 09:18:44,5930,삼성전자,355500,1.86,12183737
2026-06-02 09:18:49,5930,삼성전자,356000,2.01,12191399
2026-06-02 09:18:54,5930,삼성전자,356000,2.01,12210894
2026-06-02 09:18:59,5930,삼성전자,354500,1.58,12246618
2026-06-02 09:19:04,5930,삼성전자,355000,1.72,12269751
2026-06-02 09:19:09,5930,삼성전자,355000,1.72,12291275
2026-06-02 09:19:14,5930,삼성전자,354000,1.43,12305861
2026-06-02 09:19:19,5930,삼성전자,354000,1.43,12325940
2026-06-02 09:19:24,5930,삼성전자,353500,1.29,12384252
2026-06-02 09:19:29,5930,삼성전자,353500,1.29,12401355
2026-06-02 09:19:35,5930,삼성전자,354000,1.43,12444678
2026-06-02 09:19:40,5930,삼성전자,354000,1.43,12454934
2026-06-02 09:19:45,5930,삼성전자,353500,1.29,12552754
2026-06-02 09:20:19,5930,삼성전자,355000,1.72,12705205
2026-06-02 09:20:24,5930,삼성전자,355000,1.72,12718536
2026-06-02 09:20:29,5930,삼성전자,355000,1.72,12743749
2026-06-02 09:20:34,5930,삼성전자,355000,1.72,12766395
2026-06-02 09:20:39,5930,삼성전자,355500,1.86,12821537
2026-06-02 09:20:45,5930,삼성전자,357000,2.29,12848934
2026-06-02 09:20:50,5930,삼성전자,357500,2.44,12870507
2026-06-02 09:20:55,5930,삼성전자,358000,2.58,12886147
2026-06-02 09:21:01,5930,삼성전자,358500,2.72,12906648
2026-06-02 09:21:06,5930,삼성전자,359000,2.87,12919153
2026-06-02 09:21:11,5930,삼성전자,359500,3.01,12934946
2026-06-02 09:21:16,5930,삼성전자,359000,2.87,12943805
2026-06-02 09:21:21,5930,삼성전자,359500,3.01,12985117
2026-06-02 09:21:26,5930,삼성전자,359500,3.01,12993771
2026-06-02 09:21:31,5930,삼성전자,360000,3.15,13006994
2026-06-02 09:21:37,5930,삼성전자,360000,3.15,13015038
2026-06-02 09:21:42,5930,삼성전자,360000,3.15,13054764
2026-06-02 09:21:47,5930,삼성전자,360000,3.15,13076727
2026-06-02 09:21:52,5930,삼성전자,360000,3.15,13097854
2026-06-02 09:21:57,5930,삼성전자,360000,3.15,13119667
2026-06-02 09:22:02,5930,삼성전자,360000,3.15,13138782
2026-06-02 09:22:07,5930,삼성전자,359000,2.87,13177067
2026-06-02 09:22:12,5930,삼성전자,358500,2.72,13200997
2026-06-02 09:22:17,5930,삼성전자,358250,2.65,13211556
2026-06-02 09:22:22,5930,삼성전자,357500,2.44,13232794
2026-06-02 09:22:27,5930,삼성전자,358000,2.58,13239962
2026-06-02 09:22:32,5930,삼성전자,358000,2.58,13251293
2026-06-02 09:22:37,5930,삼성전자,358500,2.72,13268506
2026-06-02 09:22:43,5930,삼성전자,358500,2.72,13275415
2026-06-02 09:22:48,5930,삼성전자,359000,2.87,13304398
2026-06-02 09:22:53,5930,삼성전자,359500,3.01,13309671
2026-06-02 09:22:58,5930,삼성전자,359500,3.01,13317711
2026-06-02 09:23:03,5930,삼성전자,359750,3.08,13322639
2026-06-02 09:23:08,5930,삼성전자,360000,3.15,13325982
2026-06-02 09:23:13,5930,삼성전자,360000,3.15,13335556
2026-06-02 09:23:18,5930,삼성전자,360000,3.15,13337734
2026-06-02 09:23:23,5930,삼성전자,360000,3.15,13348529
2026-06-02 09:23:28,5930,삼성전자,359750,3.08,13354535
2026-06-02 09:23:33,5930,삼성전자,359000,2.87,13383166
2026-06-02 09:23:39,5930,삼성전자,359000,2.87,13392106
2026-06-02 09:23:44,5930,삼성전자,359500,3.01,13405441
2026-06-02 09:23:49,5930,삼성전자,359500,3.01,13416866
2026-06-02 09:23:54,5930,삼성전자,359500,3.01,13422398
2026-06-02 09:23:59,5930,삼성전자,359000,2.87,13425249
2026-06-02 09:24:04,5930,삼성전자,358500,2.72,13457379
2026-06-02 09:24:09,5930,삼성전자,358500,2.72,13475662
2026-06-02 09:24:14,5930,삼성전자,358500,2.72,13478765
2026-06-02 09:24:19,5930,삼성전자,357500,2.44,13503152
2026-06-02 09:24:24,5930,삼성전자,358000,2.58,13520244
2026-06-02 09:24:30,5930,삼성전자,358500,2.72,13535219
2026-06-02 09:24:35,5930,삼성전자,358500,2.72,13542543
2026-06-02 09:24:40,5930,삼성전자,358500,2.72,13553257
2026-06-02 09:24:45,5930,삼성전자,357500,2.44,13571797
2026-06-02 09:24:50,5930,삼성전자,357500,2.44,13584975
2026-06-02 09:24:55,5930,삼성전자,357250,2.36,13593487
2026-06-02 09:25:00,5930,삼성전자,356500,2.15,13615260
2026-06-02 09:25:05,5930,삼성전자,356500,2.15,13635140
2026-06-02 09:41:39,5930,삼성전자,360500,3.3,16104344
2026-06-02 09:41:44,5930,삼성전자,360000,3.15,16107505
2026-06-02 09:41:49,5930,삼성전자,360000,3.15,16108553
2026-06-02 09:41:54,5930,삼성전자,360500,3.3,16110336
2026-06-02 09:41:59,5930,삼성전자,360000,3.15,16120172
2026-06-02 09:42:04,5930,삼성전자,359500,3.01,16121789
2026-06-02 09:42:09,5930,삼성전자,359000,2.87,16146535
2026-06-02 09:42:14,5930,삼성전자,359000,2.87,16160070
2026-06-02 09:42:19,5930,삼성전자,358500,2.72,16161201
2026-06-02 09:42:24,5930,삼성전자,359000,2.87,16169331
2026-06-02 09:42:29,5930,삼성전자,358500,2.72,16180511
2026-06-02 09:42:35,5930,삼성전자,358500,2.72,16190164
2026-06-02 09:42:40,5930,삼성전자,358500,2.72,16193889
2026-06-02 09:42:45,5930,삼성전자,358500,2.72,16203161
2026-06-02 09:45:47,5930,삼성전자,357000,2.29,16629694
2026-06-02 09:47:45,5930,삼성전자,356500,2.15,16863259
2026-06-02 09:47:51,5930,삼성전자,357000,2.29,16866338
2026-06-02 09:47:56,5930,삼성전자,357000,2.29,16868861
2026-06-02 09:48:01,5930,삼성전자,356500,2.15,16888971
2026-06-02 09:48:06,5930,삼성전자,355500,1.86,16912862
2026-06-02 09:48:11,5930,삼성전자,356000,2.01,16916055
2026-06-02 09:48:16,5930,삼성전자,355500,1.86,16918515
2026-06-02 09:48:21,5930,삼성전자,355500,1.86,16931862
2026-06-02 09:48:26,5930,삼성전자,356000,2.01,16937675
2026-06-02 09:48:31,5930,삼성전자,356000,2.01,16940513
2026-06-02 09:48:36,5930,삼성전자,355500,1.86,16942405
2026-06-02 09:48:41,5930,삼성전자,355500,1.86,16946759
2026-06-02 09:48:46,5930,삼성전자,356000,2.01,16959435
2026-06-02 09:48:51,5930,삼성전자,355500,1.86,16961922
2026-06-02 09:48:57,5930,삼성전자,356750,2.22,16983828
2026-06-02 09:49:02,5930,삼성전자,356500,2.15,17015679
2026-06-02 09:49:07,5930,삼성전자,356500,2.15,17017440
2026-06-02 09:49:12,5930,삼성전자,356250,2.08,17019511
2026-06-02 09:49:17,5930,삼성전자,356000,2.01,17028282
2026-06-02 09:49:22,5930,삼성전자,356500,2.15,17045552
2026-06-02 09:49:27,5930,삼성전자,356000,2.01,17050997
2026-06-02 09:49:32,5930,삼성전자,356000,2.01,17054691
2026-06-02 09:49:37,5930,삼성전자,356500,2.15,17069712
2026-06-02 09:49:42,5930,삼성전자,356000,2.01,17072988
2026-06-02 09:49:47,5930,삼성전자,357000,2.29,17082416
2026-06-02 09:49:52,5930,삼성전자,357500,2.44,17102576
2026-06-02 09:49:57,5930,삼성전자,357500,2.44,17111233
2026-06-02 09:50:03,5930,삼성전자,358000,2.58,17113485
2026-06-02 09:50:08,5930,삼성전자,357000,2.29,17125360
2026-06-02 09:50:13,5930,삼성전자,356500,2.15,17139176
2026-06-02 09:50:18,5930,삼성전자,356500,2.15,17155338
2026-06-02 09:50:23,5930,삼성전자,356000,2.01,17163534
2026-06-02 09:50:28,5930,삼성전자,356000,2.01,17173698
2026-06-02 09:50:33,5930,삼성전자,355500,1.86,17181034
2026-06-02 09:50:38,5930,삼성전자,356000,2.01,17183230
2026-06-02 09:50:43,5930,삼성전자,356000,2.01,17188368
2026-06-02 09:50:48,5930,삼성전자,356000,2.01,17191492
2026-06-02 09:50:53,5930,삼성전자,356000,2.01,17193863
2026-06-02 09:50:58,5930,삼성전자,355750,1.93,17195229
2026-06-02 09:51:04,5930,삼성전자,355500,1.86,17196244
2026-06-02 09:51:09,5930,삼성전자,356000,2.01,17230085
2026-06-02 09:51:14,5930,삼성전자,356500,2.15,17263839
2026-06-02 09:51:19,5930,삼성전자,357000,2.29,17266791
2026-06-02 09:51:24,5930,삼성전자,356500,2.15,17274514
2026-06-02 09:51:29,5930,삼성전자,356500,2.15,17276819
2026-06-02 09:51:34,5930,삼성전자,356250,2.08,17287526
2026-06-02 09:51:39,5930,삼성전자,356500,2.15,17289815
2026-06-02 09:51:44,5930,삼성전자,356000,2.01,17297490
2026-06-02 09:51:49,5930,삼성전자,356000,2.01,17301383
2026-06-02 09:51:54,5930,삼성전자,356000,2.01,17304955
2026-06-02 09:51:59,5930,삼성전자,356000,2.01,17309342
2026-06-02 09:52:04,5930,삼성전자,356000,2.01,17313566
2026-06-02 09:52:09,5930,삼성전자,355500,1.86,17315384
2026-06-02 09:52:15,5930,삼성전자,356000,2.01,17319224
2026-06-02 09:52:20,5930,삼성전자,356000,2.01,17324167
2026-06-02 09:56:24,5930,삼성전자,354500,1.58,17885353
2026-06-02 09:56:29,5930,삼성전자,354000,1.43,17889409
2026-06-02 09:56:35,5930,삼성전자,354000,1.43,17910454
2026-06-02 09:56:40,5930,삼성전자,353500,1.29,17915761
2026-06-02 09:57:28,5930,삼성전자,352000,0.86,18082797
2026-06-02 09:57:33,5930,삼성전자,352500,1.0,18088960
2026-06-02 09:57:38,5930,삼성전자,352000,0.86,18100073
2026-06-02 09:57:43,5930,삼성전자,351500,0.72,18116649
2026-06-02 09:57:48,5930,삼성전자,351500,0.72,18124812
2026-06-02 09:57:53,5930,삼성전자,351000,0.57,18139463
2026-06-02 09:57:58,5930,삼성전자,351500,0.72,18143478
2026-06-02 09:58:03,5930,삼성전자,351000,0.57,18161834
2026-06-02 09:58:08,5930,삼성전자,351000,0.57,18169895
2026-06-02 09:58:13,5930,삼성전자,351000,0.57,18186753
2026-06-02 09:58:18,5930,삼성전자,350500,0.43,18255491
2026-06-02 09:58:23,5930,삼성전자,350000,0.29,18273010
2026-06-02 09:58:28,5930,삼성전자,350500,0.43,18274838
2026-06-02 09:58:34,5930,삼성전자,350250,0.36,18316980
2026-06-02 09:58:39,5930,삼성전자,349500,0.14,18393058
2026-06-02 09:58:44,5930,삼성전자,349000,0.0,18434880
2026-06-02 09:58:49,5930,삼성전자,349000,0.0,18468174
2026-06-02 09:58:54,5930,삼성전자,349500,0.14,18518936
2026-06-02 09:58:59,5930,삼성전자,350000,0.29,18549540
2026-06-02 10:15:36,5930,삼성전자,357500,2.44,20437426
2026-06-02 10:15:41,5930,삼성전자,357500,2.44,20440246
2026-06-02 10:15:46,5930,삼성전자,357500,2.44,20443785
2026-06-02 10:15:51,5930,삼성전자,357500,2.44,20446564
2026-06-02 10:15:56,5930,삼성전자,357500,2.44,20447502
2026-06-02 10:16:02,5930,삼성전자,357500,2.44,20458238
2026-06-02 10:16:12,5930,삼성전자,357500,2.44,20475591
2026-06-02 10:16:17,5930,삼성전자,358000,2.58,20496293
2026-06-02 10:32:12,5930,삼성전자,359500,3.01,21613348
2026-06-02 10:35:51,5930,삼성전자,360000,3.15,21962716
2026-06-02 10:36:01,5930,삼성전자,360000,3.15,22015328
2026-06-02 10:36:06,5930,삼성전자,359500,3.01,22023821
2026-06-02 10:48:20,5930,삼성전자,352500,1.0,23082368
2026-06-02 10:48:25,5930,삼성전자,353000,1.15,23083842
2026-06-02 10:48:30,5930,삼성전자,353000,1.15,23085004
2026-06-02 10:48:35,5930,삼성전자,352500,1.0,23099492
2026-06-02 10:48:40,5930,삼성전자,352500,1.0,23105269
2026-06-02 10:48:45,5930,삼성전자,353000,1.15,23108059
2026-06-02 10:48:50,5930,삼성전자,353000,1.15,23111917
2026-06-02 10:48:55,5930,삼성전자,353000,1.15,23121694
2026-06-02 10:49:00,5930,삼성전자,353500,1.29,23122629
2026-06-02 10:49:05,5930,삼성전자,353000,1.15,23135920
2026-06-02 10:49:10,5930,삼성전자,353000,1.15,23145539
2026-06-02 10:49:15,5930,삼성전자,353000,1.15,23153159
2026-06-02 10:49:20,5930,삼성전자,353000,1.15,23156622
2026-06-02 10:49:25,5930,삼성전자,353500,1.29,23162014
2026-06-02 10:49:31,5930,삼성전자,353000,1.15,23169058
2026-06-02 10:49:36,5930,삼성전자,353000,1.15,23178691
2026-06-02 10:49:41,5930,삼성전자,353000,1.15,23184145
2026-06-02 10:49:46,5930,삼성전자,353000,1.15,23189132
2026-06-02 10:49:51,5930,삼성전자,352750,1.07,23191225
2026-06-02 10:49:56,5930,삼성전자,353000,1.15,23199192
2026-06-02 10:50:01,5930,삼성전자,353000,1.15,23206101
2026-06-02 10:50:06,5930,삼성전자,352500,1.0,23208644
2026-06-02 10:50:11,5930,삼성전자,352750,1.07,23215350
2026-06-02 10:50:16,5930,삼성전자,352500,1.0,23223221
2026-06-02 10:50:21,5930,삼성전자,352500,1.0,23247714
2026-06-02 10:50:26,5930,삼성전자,352500,1.0,23264826
2026-06-02 10:50:31,5930,삼성전자,352000,0.86,23268482
2026-06-02 10:50:36,5930,삼성전자,352500,1.0,23269641
2026-06-02 10:50:41,5930,삼성전자,352000,0.86,23270431
2026-06-02 10:50:47,5930,삼성전자,352000,0.86,23270861
2026-06-02 10:50:52,5930,삼성전자,352500,1.0,23272820
2026-06-02 10:50:57,5930,삼성전자,352000,0.86,23275201
2026-06-02 10:51:02,5930,삼성전자,352000,0.86,23278270
2026-06-02 10:51:07,5930,삼성전자,352000,0.86,23280972
2026-06-02 10:51:12,5930,삼성전자,352500,1.0,23287443
2026-06-02 10:51:17,5930,삼성전자,352500,1.0,23289801
2026-06-02 11:02:28,5930,삼성전자,350500,0.43,24304003
2026-06-02 11:02:33,5930,삼성전자,350500,0.43,24304847
2026-06-02 11:02:38,5930,삼성전자,350500,0.43,24312553
2026-06-02 11:02:43,5930,삼성전자,350500,0.43,24322546
2026-06-02 11:02:48,5930,삼성전자,350250,0.36,24327672
2026-06-02 11:02:53,5930,삼성전자,350500,0.43,24329771
2026-06-02 11:02:58,5930,삼성전자,350500,0.43,24331542
2026-06-02 11:03:04,5930,삼성전자,350500,0.43,24333719
2026-06-02 11:03:09,5930,삼성전자,350500,0.43,24334728
2026-06-02 11:03:14,5930,삼성전자,350000,0.29,24336203
2026-06-02 11:03:19,5930,삼성전자,350500,0.43,24336661
2026-06-02 11:03:24,5930,삼성전자,350500,0.43,24340196
2026-06-02 11:03:29,5930,삼성전자,350000,0.29,24341997
2026-06-02 11:03:34,5930,삼성전자,350250,0.36,24343347
2026-06-02 11:03:39,5930,삼성전자,350000,0.29,24344533
2026-06-02 11:03:44,5930,삼성전자,350250,0.36,24357191
2026-06-02 11:03:49,5930,삼성전자,350000,0.29,24360081
2026-06-02 11:03:54,5930,삼성전자,350500,0.43,24361134
2026-06-02 11:04:00,5930,삼성전자,350500,0.43,24362652
2026-06-02 11:04:59,5930,삼성전자,350000,0.29,24461643
2026-06-02 11:05:04,5930,삼성전자,351000,0.57,24507851
2026-06-02 11:05:11,5930,삼성전자,351500,0.72,24513619
2026-06-02 11:07:25,5930,삼성전자,349000,0.0,24732020
2026-06-02 11:07:30,5930,삼성전자,349000,0.0,24737869
2026-06-02 11:07:40,5930,삼성전자,348500,-0.14,24781180
2026-06-02 11:13:29,5930,삼성전자,351250,0.64,25416917
2026-06-02 11:13:34,5930,삼성전자,351000,0.57,25420263
2026-06-02 11:13:40,5930,삼성전자,351500,0.72,25421873
2026-06-02 11:13:45,5930,삼성전자,351250,0.64,25428355
2026-06-02 11:13:50,5930,삼성전자,351500,0.72,25429879
2026-06-02 11:13:55,5930,삼성전자,351000,0.57,25431547
2026-06-02 11:14:00,5930,삼성전자,351500,0.72,25432802
2026-06-02 11:14:05,5930,삼성전자,351500,0.72,25434852
2026-06-02 11:14:10,5930,삼성전자,351500,0.72,25437107
2026-06-02 11:14:15,5930,삼성전자,351500,0.72,25438554
2026-06-02 11:14:20,5930,삼성전자,351500,0.72,25445043
2026-06-02 11:14:25,5930,삼성전자,350500,0.43,25474868
2026-06-02 11:14:30,5930,삼성전자,350500,0.43,25478678
2026-06-02 11:14:35,5930,삼성전자,350000,0.29,25479874
2026-06-02 11:14:40,5930,삼성전자,350500,0.43,25480444
2026-06-02 11:14:46,5930,삼성전자,350500,0.43,25481080
2026-06-02 11:14:51,5930,삼성전자,350500,0.43,25481714
2026-06-02 11:14:56,5930,삼성전자,350000,0.29,25496298
2026-06-02 11:15:01,5930,삼성전자,350000,0.29,25499373
2026-06-02 11:15:06,5930,삼성전자,349500,0.14,25501360
2026-06-02 11:15:11,5930,삼성전자,350000,0.29,25503596
2026-06-02 11:15:16,5930,삼성전자,350500,0.43,25535957
2026-06-02 11:15:21,5930,삼성전자,350000,0.29,25551088
2026-06-02 11:15:26,5930,삼성전자,350250,0.36,25562433
2026-06-02 11:15:31,5930,삼성전자,350000,0.29,25580600
2026-06-02 11:15:36,5930,삼성전자,350000,0.29,25583647
2026-06-02 11:15:41,5930,삼성전자,350000,0.29,25585574
2026-06-02 11:15:46,5930,삼성전자,350000,0.29,25586492
2026-06-02 11:20:57,5930,삼성전자,354000,1.43,25960391
2026-06-02 11:21:02,5930,삼성전자,354000,1.43,25961764
2026-06-02 11:21:46,5930,삼성전자,353000,1.15,26029989
2026-06-02 11:22:07,5930,삼성전자,353000,1.15,26059719
2026-06-02 11:22:12,5930,삼성전자,353000,1.15,26063299
2026-06-02 11:24:46,5930,삼성전자,352000,0.86,26217518
2026-06-02 11:24:57,5930,삼성전자,351500,0.72,26235788
2026-06-02 11:25:02,5930,삼성전자,352000,0.86,26236346
2026-06-02 11:25:08,5930,삼성전자,352000,0.86,26237179
2026-06-02 11:25:14,5930,삼성전자,352000,0.86,26243838
2026-06-02 11:25:19,5930,삼성전자,352500,1.0,26245907
2026-06-02 11:25:24,5930,삼성전자,352500,1.0,26247192
2026-06-02 11:25:29,5930,삼성전자,352500,1.0,26247916
2026-06-02 11:25:35,5930,삼성전자,352000,0.86,26248411
2026-06-02 11:25:40,5930,삼성전자,352000,0.86,26252574
2026-06-02 11:25:45,5930,삼성전자,352000,0.86,26253829
2026-06-02 11:25:50,5930,삼성전자,352000,0.86,26266923
2026-06-02 11:25:55,5930,삼성전자,352000,0.86,26272009
2026-06-02 11:26:00,5930,삼성전자,352000,0.86,26272870
2026-06-02 11:26:05,5930,삼성전자,352000,0.86,26277620
2026-06-02 11:26:10,5930,삼성전자,351500,0.72,26277953
2026-06-02 11:26:15,5930,삼성전자,351500,0.72,26283236
2026-06-02 11:26:20,5930,삼성전자,351500,0.72,26283917
2026-06-02 11:26:26,5930,삼성전자,352000,0.86,26289394
2026-06-02 11:26:31,5930,삼성전자,352000,0.86,26290753
2026-06-02 11:26:36,5930,삼성전자,351750,0.79,26294640
2026-06-02 11:26:41,5930,삼성전자,352000,0.86,26297256
2026-06-02 11:26:46,5930,삼성전자,352000,0.86,26297965
2026-06-02 11:26:51,5930,삼성전자,351500,0.72,26298662
2026-06-02 11:26:56,5930,삼성전자,351750,0.79,26299485
2026-06-02 11:27:01,5930,삼성전자,351500,0.72,26306834
2026-06-02 11:27:06,5930,삼성전자,351500,0.72,26309373
2026-06-02 11:27:11,5930,삼성전자,351500,0.72,26311401
2026-06-02 11:27:16,5930,삼성전자,351500,0.72,26312017
2026-06-02 11:27:21,5930,삼성전자,351500,0.72,26312887
2026-06-02 11:32:43,5930,삼성전자,353500,1.29,26616093
2026-06-02 11:32:48,5930,삼성전자,353500,1.29,26617443
2026-06-02 11:32:54,5930,삼성전자,353500,1.29,26622162
2026-06-02 11:32:59,5930,삼성전자,353250,1.22,26624695
2026-06-02 11:33:04,5930,삼성전자,353000,1.15,26625104
2026-06-02 11:33:09,5930,삼성전자,353500,1.29,26629251
2026-06-02 11:33:14,5930,삼성전자,353500,1.29,26634723
2026-06-02 11:33:19,5930,삼성전자,353750,1.36,26643642
2026-06-02 11:33:24,5930,삼성전자,353750,1.36,26644694
2026-06-02 11:33:29,5930,삼성전자,353500,1.29,26645281
2026-06-02 11:33:34,5930,삼성전자,354000,1.43,26647102
2026-06-02 11:33:39,5930,삼성전자,354000,1.43,26650956
2026-06-02 11:33:45,5930,삼성전자,354000,1.43,26652501
2026-06-02 11:33:50,5930,삼성전자,354000,1.43,26653245
2026-06-02 11:33:55,5930,삼성전자,354000,1.43,26654935
2026-06-02 11:34:00,5930,삼성전자,354000,1.43,26655670
2026-06-02 11:34:05,5930,삼성전자,354000,1.43,26656737
2026-06-02 11:34:10,5930,삼성전자,354000,1.43,26661959
2026-06-02 11:34:15,5930,삼성전자,354000,1.43,26679464
2026-06-02 11:34:20,5930,삼성전자,354500,1.58,26685746
2026-06-02 11:34:25,5930,삼성전자,354500,1.58,26686250
2026-06-02 11:34:30,5930,삼성전자,354250,1.5,26687229
2026-06-02 11:34:35,5930,삼성전자,354500,1.58,26688135
2026-06-02 11:34:40,5930,삼성전자,354000,1.43,26693719
2026-06-02 11:34:45,5930,삼성전자,354500,1.58,26694480
2026-06-02 11:34:51,5930,삼성전자,354500,1.58,26695283
2026-06-02 11:34:56,5930,삼성전자,354500,1.58,26695837
2026-06-02 11:35:01,5930,삼성전자,354500,1.58,26697984
2026-06-02 11:35:06,5930,삼성전자,354500,1.58,26705781
2026-06-02 11:35:11,5930,삼성전자,354500,1.58,26716539
2026-06-02 11:35:16,5930,삼성전자,355000,1.72,26728225
2026-06-02 11:35:21,5930,삼성전자,355000,1.72,26728960
2026-06-02 11:35:26,5930,삼성전자,355000,1.72,26729935
2026-06-02 11:35:31,5930,삼성전자,354500,1.58,26731714
2026-06-02 11:35:36,5930,삼성전자,355000,1.72,26740927
2026-06-02 11:35:41,5930,삼성전자,355000,1.72,26759694
2026-06-02 11:35:46,5930,삼성전자,355500,1.86,26761503
2026-06-02 11:35:51,5930,삼성전자,355250,1.79,26764182
2026-06-02 11:35:57,5930,삼성전자,355000,1.72,26771130
2026-06-02 11:36:02,5930,삼성전자,355000,1.72,26776402
2026-06-02 11:36:07,5930,삼성전자,355250,1.79,26780841
2026-06-02 11:36:12,5930,삼성전자,355000,1.72,26782937
2026-06-02 11:36:17,5930,삼성전자,354500,1.58,26793129
2026-06-02 11:36:22,5930,삼성전자,354750,1.65,26793838
2026-06-02 11:36:27,5930,삼성전자,355000,1.72,26797731
2026-06-02 11:36:32,5930,삼성전자,355000,1.72,26799933
2026-06-02 11:36:37,5930,삼성전자,355000,1.72,26800899
2026-06-02 11:36:42,5930,삼성전자,354750,1.65,26801785
2026-06-02 11:36:47,5930,삼성전자,355000,1.72,26813643
2026-06-02 11:36:53,5930,삼성전자,355000,1.72,26824713
2026-06-02 11:36:58,5930,삼성전자,355000,1.72,26829556
2026-06-02 11:37:03,5930,삼성전자,355000,1.72,26833293
2026-06-02 11:37:08,5930,삼성전자,355000,1.72,26837969
2026-06-02 11:37:13,5930,삼성전자,355250,1.79,26841264
2026-06-02 11:37:18,5930,삼성전자,355250,1.79,26842727
2026-06-02 11:37:23,5930,삼성전자,355250,1.79,26844571
2026-06-02 11:37:29,5930,삼성전자,354750,1.65,26857306
2026-06-02 11:37:34,5930,삼성전자,354500,1.58,26869837
2026-06-02 11:37:39,5930,삼성전자,354500,1.58,26872142
2026-06-02 11:37:44,5930,삼성전자,354500,1.58,26879593
2026-06-02 11:37:49,5930,삼성전자,354000,1.43,26881950
2026-06-02 11:37:54,5930,삼성전자,354500,1.58,26883011
2026-06-02 11:37:59,5930,삼성전자,354500,1.58,26883451
2026-06-02 11:38:04,5930,삼성전자,354500,1.58,26884131
2026-06-02 11:38:09,5930,삼성전자,354250,1.5,26885268
2026-06-02 11:38:14,5930,삼성전자,354000,1.43,26898525
2026-06-02 11:38:19,5930,삼성전자,354250,1.5,26902532
2026-06-02 11:38:24,5930,삼성전자,354000,1.43,26907298
2026-06-02 11:38:29,5930,삼성전자,354000,1.43,26911691
2026-06-02 11:38:34,5930,삼성전자,354500,1.58,26924333
2026-06-02 11:38:39,5930,삼성전자,354500,1.58,26933765
2026-06-02 11:38:45,5930,삼성전자,354500,1.58,26939148
2026-06-02 11:38:50,5930,삼성전자,355000,1.72,26940358
2026-06-02 11:38:55,5930,삼성전자,354500,1.58,26942355
2026-06-02 11:39:00,5930,삼성전자,354500,1.58,26942863
2026-06-02 11:39:05,5930,삼성전자,354250,1.5,26943918
2026-06-02 11:39:10,5930,삼성전자,354500,1.58,26944390
2026-06-02 11:39:15,5930,삼성전자,354500,1.58,26944992
2026-06-02 11:39:20,5930,삼성전자,354500,1.58,26951365
2026-06-02 11:39:25,5930,삼성전자,354500,1.58,26964467
2026-06-02 11:39:30,5930,삼성전자,354500,1.58,26967830
2026-06-02 11:39:35,5930,삼성전자,355000,1.72,26968471
2026-06-02 11:39:41,5930,삼성전자,354750,1.65,26968922
2026-06-02 11:39:46,5930,삼성전자,354500,1.58,26970666
2026-06-02 11:39:51,5930,삼성전자,354750,1.65,26971257
2026-06-02 11:39:56,5930,삼성전자,354500,1.58,26971861
2026-06-02 11:40:01,5930,삼성전자,354500,1.58,26972657
2026-06-02 11:40:06,5930,삼성전자,355000,1.72,26973534
2026-06-02 11:40:11,5930,삼성전자,354500,1.58,26974114
2026-06-02 11:40:16,5930,삼성전자,354750,1.65,26974849
2026-06-02 11:40:21,5930,삼성전자,354750,1.65,26976439
2026-06-02 11:40:26,5930,삼성전자,354500,1.58,26977460
2026-06-02 11:40:31,5930,삼성전자,355000,1.72,26978978
2026-06-02 11:40:36,5930,삼성전자,354500,1.58,26980607
2026-06-02 11:40:41,5930,삼성전자,355000,1.72,26982317
2026-06-02 11:40:46,5930,삼성전자,354500,1.58,26983402
2026-06-02 11:40:52,5930,삼성전자,355000,1.72,26984300
2026-06-02 11:40:57,5930,삼성전자,354500,1.58,26985053
2026-06-02 11:41:02,5930,삼성전자,355000,1.72,26986393
2026-06-02 11:41:07,5930,삼성전자,354750,1.65,26988968
2026-06-02 11:41:12,5930,삼성전자,354750,1.65,26990743
2026-06-02 11:41:17,5930,삼성전자,355000,1.72,26993182
2026-06-02 11:41:22,5930,삼성전자,354500,1.58,27008189
2026-06-02 11:41:27,5930,삼성전자,354500,1.58,27010960
2026-06-02 11:43:16,5930,삼성전자,354500,1.58,27094971
2026-06-02 11:43:21,5930,삼성전자,354500,1.58,27098158
2026-06-02 11:43:27,5930,삼성전자,355000,1.72,27103523
2026-06-02 11:43:32,5930,삼성전자,354750,1.65,27105484
2026-06-02 11:43:37,5930,삼성전자,355000,1.72,27106167
2026-06-02 11:43:42,5930,삼성전자,355000,1.72,27107293
2026-06-02 11:43:47,5930,삼성전자,355000,1.72,27109153
2026-06-02 11:43:52,5930,삼성전자,355000,1.72,27110043
2026-06-02 11:43:57,5930,삼성전자,354500,1.58,27111357
2026-06-02 11:44:02,5930,삼성전자,355000,1.72,27116778
2026-06-02 11:44:07,5930,삼성전자,355000,1.72,27119601
2026-06-02 11:44:12,5930,삼성전자,354750,1.65,27122156
2026-06-02 11:44:17,5930,삼성전자,354750,1.65,27123020
2026-06-02 11:44:23,5930,삼성전자,355000,1.72,27123597
2026-06-02 11:44:28,5930,삼성전자,355000,1.72,27124311
2026-06-02 11:44:33,5930,삼성전자,355000,1.72,27127534
2026-06-02 11:44:38,5930,삼성전자,354750,1.65,27135299
2026-06-02 11:44:43,5930,삼성전자,355000,1.72,27154484
2026-06-02 11:44:48,5930,삼성전자,355500,1.86,27155246
2026-06-02 11:44:53,5930,삼성전자,355500,1.86,27156672
2026-06-02 11:44:58,5930,삼성전자,355500,1.86,27158690
2026-06-02 11:45:03,5930,삼성전자,355000,1.72,27159355
2026-06-02 11:45:08,5930,삼성전자,355500,1.86,27160303
2026-06-02 11:45:13,5930,삼성전자,355500,1.86,27160976
2026-06-02 11:45:18,5930,삼성전자,355500,1.86,27180425
2026-06-02 11:45:23,5930,삼성전자,355500,1.86,27187712
2026-06-02 11:45:28,5930,삼성전자,355000,1.72,27202468
2026-06-02 11:45:33,5930,삼성전자,355500,1.86,27212878
2026-06-02 11:45:39,5930,삼성전자,355750,1.93,27216189
2026-06-02 11:45:44,5930,삼성전자,355500,1.86,27217527
2026-06-02 11:45:49,5930,삼성전자,355500,1.86,27217989
2026-06-02 11:45:54,5930,삼성전자,356000,2.01,27218598
2026-06-02 11:45:59,5930,삼성전자,356000,2.01,27219348
2026-06-02 11:46:04,5930,삼성전자,356000,2.01,27220755
2026-06-02 11:46:09,5930,삼성전자,355750,1.93,27222061
2026-06-02 11:46:14,5930,삼성전자,356000,2.01,27222402
2026-06-02 11:46:19,5930,삼성전자,356000,2.01,27262962
2026-06-02 11:46:24,5930,삼성전자,356000,2.01,27267312
2026-06-02 11:46:29,5930,삼성전자,356000,2.01,27299888
2026-06-02 11:46:34,5930,삼성전자,356000,2.01,27302587
2026-06-02 11:46:40,5930,삼성전자,355500,1.86,27304553
2026-06-02 11:46:45,5930,삼성전자,355500,1.86,27306478
2026-06-02 11:46:50,5930,삼성전자,355000,1.72,27331663
2026-06-02 11:46:55,5930,삼성전자,355000,1.72,27335018
2026-06-02 11:47:00,5930,삼성전자,355000,1.72,27344381
2026-06-02 11:47:05,5930,삼성전자,355000,1.72,27348467
2026-06-02 11:47:10,5930,삼성전자,355000,1.72,27350219
2026-06-02 11:47:15,5930,삼성전자,355000,1.72,27350956
2026-06-02 11:47:20,5930,삼성전자,355000,1.72,27358023
2026-06-02 11:47:25,5930,삼성전자,354750,1.65,27358552
2026-06-02 11:47:30,5930,삼성전자,355000,1.72,27359387
2026-06-02 11:47:35,5930,삼성전자,354750,1.65,27360932
2026-06-02 11:47:41,5930,삼성전자,354750,1.65,27361908
2026-06-02 11:47:46,5930,삼성전자,355500,1.86,27377345
2026-06-02 11:47:51,5930,삼성전자,355250,1.79,27379058
2026-06-02 11:47:56,5930,삼성전자,355250,1.79,27380265
2026-06-02 11:48:01,5930,삼성전자,355250,1.79,27381034
2026-06-02 11:48:06,5930,삼성전자,355500,1.86,27392312
2026-06-02 11:48:11,5930,삼성전자,355000,1.72,27392647
2026-06-02 11:48:16,5930,삼성전자,355000,1.72,27393589
2026-06-02 11:48:21,5930,삼성전자,355000,1.72,27397313
2026-06-02 11:48:26,5930,삼성전자,354500,1.58,27405581
2026-06-02 11:48:32,5930,삼성전자,354500,1.58,27409195
2026-06-02 11:48:37,5930,삼성전자,354500,1.58,27412164
2026-06-02 11:48:42,5930,삼성전자,355000,1.72,27414993
2026-06-02 11:48:47,5930,삼성전자,355000,1.72,27416301
2026-06-02 11:48:52,5930,삼성전자,355000,1.72,27418062
2026-06-02 11:48:57,5930,삼성전자,354500,1.58,27420087
2026-06-02 11:49:02,5930,삼성전자,355000,1.72,27420585
2026-06-02 11:49:07,5930,삼성전자,355000,1.72,27421392
2026-06-02 11:49:12,5930,삼성전자,355000,1.72,27422129
2026-06-02 11:49:17,5930,삼성전자,355000,1.72,27422493
2026-06-02 11:49:22,5930,삼성전자,354750,1.65,27423797
2026-06-02 11:49:27,5930,삼성전자,355000,1.72,27424778
2026-06-02 11:49:32,5930,삼성전자,355000,1.72,27425546
2026-06-02 11:49:38,5930,삼성전자,354500,1.58,27427541
2026-06-02 11:49:43,5930,삼성전자,355000,1.72,27428474
2026-06-02 11:49:48,5930,삼성전자,355000,1.72,27429427
2026-06-02 11:49:53,5930,삼성전자,355000,1.72,27429954
2026-06-02 11:49:58,5930,삼성전자,354500,1.58,27430792
2026-06-02 11:50:03,5930,삼성전자,355000,1.72,27431284
2026-06-02 11:50:08,5930,삼성전자,354500,1.58,27431851
2026-06-02 11:50:13,5930,삼성전자,355000,1.72,27433184
2026-06-02 11:50:18,5930,삼성전자,354500,1.58,27442066
2026-06-02 11:50:24,5930,삼성전자,354000,1.43,27487868
2026-06-02 11:50:29,5930,삼성전자,354500,1.58,27518598
2026-06-02 11:50:34,5930,삼성전자,353500,1.29,27550203
2026-06-02 11:50:39,5930,삼성전자,354000,1.43,27561079
2026-06-02 11:50:44,5930,삼성전자,354000,1.43,27569789
2026-06-02 11:50:49,5930,삼성전자,354000,1.43,27577662
2026-06-02 11:50:54,5930,삼성전자,353000,1.15,27590918
2026-06-02 11:50:59,5930,삼성전자,353000,1.15,27593684
2026-06-02 11:51:04,5930,삼성전자,353000,1.15,27596097
2026-06-02 11:51:09,5930,삼성전자,353500,1.29,27612688
2026-06-02 11:51:14,5930,삼성전자,353500,1.29,27615871
2026-06-02 11:51:19,5930,삼성전자,353500,1.29,27617024
2026-06-02 11:51:25,5930,삼성전자,353000,1.15,27618371
2026-06-02 11:51:30,5930,삼성전자,353500,1.29,27630492
2026-06-02 11:51:35,5930,삼성전자,353500,1.29,27631848
2026-06-02 11:51:40,5930,삼성전자,353500,1.29,27633981
2026-06-02 11:51:45,5930,삼성전자,353000,1.15,27645129
2026-06-02 11:51:50,5930,삼성전자,353500,1.29,27646071
2026-06-02 11:51:55,5930,삼성전자,353000,1.15,27648356
2026-06-02 11:52:00,5930,삼성전자,353000,1.15,27669446
2026-06-02 11:52:05,5930,삼성전자,352500,1.0,27681021
2026-06-02 11:59:03,5930,삼성전자,354000,1.43,27989803
2026-06-02 11:59:09,5930,삼성전자,353750,1.36,27991696
2026-06-02 11:59:14,5930,삼성전자,352000,0.86,28034802
2026-06-02 11:59:19,5930,삼성전자,352500,1.0,28043764
2026-06-02 11:59:24,5930,삼성전자,352500,1.0,28045389
2026-06-02 11:59:29,5930,삼성전자,353000,1.15,28057452
2026-06-02 11:59:34,5930,삼성전자,353000,1.15,28058751
2026-06-02 11:59:39,5930,삼성전자,353000,1.15,28060000
2026-06-02 11:59:44,5930,삼성전자,353000,1.15,28064533
2026-06-02 11:59:49,5930,삼성전자,352500,1.0,28071236
2026-06-02 11:59:54,5930,삼성전자,352500,1.0,28072506
2026-06-02 12:00:00,5930,삼성전자,352500,1.0,28073504
2026-06-02 12:00:05,5930,삼성전자,352750,1.07,28083824
2026-06-02 12:00:10,5930,삼성전자,353000,1.15,28099145
2026-06-02 12:00:19,5930,삼성전자,352500,1.0,28100348
2026-06-02 12:00:24,5930,삼성전자,353000,1.15,28101531
2026-06-02 12:00:29,5930,삼성전자,353000,1.15,28103406
2026-06-02 12:00:34,5930,삼성전자,353000,1.15,28105968
2026-06-02 12:00:40,5930,삼성전자,353500,1.29,28106796
2026-06-02 12:00:45,5930,삼성전자,353500,1.29,28107385
2026-06-02 12:00:50,5930,삼성전자,353000,1.15,28112550
2026-06-02 12:00:55,5930,삼성전자,353500,1.29,28112801
2026-06-02 12:01:00,5930,삼성전자,353500,1.29,28113403
2026-06-02 12:01:05,5930,삼성전자,353500,1.29,28114280
2026-06-02 12:01:10,5930,삼성전자,353000,1.15,28133494
2026-06-02 12:01:15,5930,삼성전자,353500,1.29,28136472
2026-06-02 12:01:20,5930,삼성전자,353500,1.29,28136976
2026-06-02 12:01:25,5930,삼성전자,353500,1.29,28137855
2026-06-02 12:01:30,5930,삼성전자,353000,1.15,28146788
2026-06-02 12:09:04,5930,삼성전자,351250,0.64,28405853
2026-06-02 12:09:09,5930,삼성전자,350750,0.5,28428403
2026-06-02 12:09:14,5930,삼성전자,350750,0.5,28430519
2026-06-02 12:26:25,5930,삼성전자,348500,-0.14,29464500
2026-06-02 12:26:37,5930,삼성전자,348250,-0.21,29498569
2026-06-02 12:42:08,5930,삼성전자,349500,0.14,30495634
2026-06-02 12:42:21,5930,삼성전자,349500,0.14,30496682
2026-06-02 12:42:26,5930,삼성전자,349500,0.14,30508818
2026-06-02 12:42:31,5930,삼성전자,350000,0.29,30509775
2026-06-02 12:42:36,5930,삼성전자,349500,0.14,30510149
2026-06-02 12:59:26,5930,삼성전자,350750,0.5,31186341
2026-06-02 13:16:23,5930,삼성전자,351500,0.72,32239025
2026-06-02 13:16:37,5930,삼성전자,351500,0.72,32240641
2026-06-02 13:16:42,5930,삼성전자,351000,0.57,32241604
2026-06-02 13:19:54,5930,삼성전자,350500,0.43,32357063
2026-06-02 13:20:00,5930,삼성전자,350500,0.43,32358639
2026-06-02 13:20:05,5930,삼성전자,350750,0.5,32359522
2026-06-02 13:20:10,5930,삼성전자,350750,0.5,32360628
2026-06-02 13:20:15,5930,삼성전자,350750,0.5,32361400
2026-06-02 13:20:20,5930,삼성전자,350750,0.5,32363814
2026-06-02 13:20:25,5930,삼성전자,350500,0.43,32365120
2026-06-02 13:20:30,5930,삼성전자,350500,0.43,32385415
2026-06-02 13:20:35,5930,삼성전자,351000,0.57,32386657
2026-06-02 13:20:40,5930,삼성전자,351000,0.57,32387598
2026-06-02 13:20:45,5930,삼성전자,351000,0.57,32388696
2026-06-02 13:20:50,5930,삼성전자,351000,0.57,32389367
2026-06-02 13:20:55,5930,삼성전자,350750,0.5,32390627
2026-06-02 13:21:01,5930,삼성전자,351000,0.57,32391301
2026-06-02 13:21:06,5930,삼성전자,351000,0.57,32391970
2026-06-02 13:21:11,5930,삼성전자,351500,0.72,32414203
2026-06-02 13:21:16,5930,삼성전자,351500,0.72,32415498
2026-06-02 13:21:21,5930,삼성전자,351250,0.64,32416225
2026-06-02 13:21:26,5930,삼성전자,351000,0.57,32416931
2026-06-02 13:21:31,5930,삼성전자,351000,0.57,32417456
2026-06-02 13:21:36,5930,삼성전자,351250,0.64,32418454
2026-06-02 13:21:41,5930,삼성전자,351000,0.57,32421531
2026-06-02 13:21:46,5930,삼성전자,351000,0.57,32422114
2026-06-02 13:21:51,5930,삼성전자,351500,0.72,32422737
2026-06-02 13:21:56,5930,삼성전자,351500,0.72,32423936
2026-06-02 13:22:01,5930,삼성전자,351500,0.72,32426130
2026-06-02 13:22:07,5930,삼성전자,351500,0.72,32426717
2026-06-02 13:22:12,5930,삼성전자,351500,0.72,32428184
2026-06-02 13:22:17,5930,삼성전자,351500,0.72,32435047
2026-06-02 13:22:22,5930,삼성전자,351500,0.72,32440096
2026-06-02 13:22:27,5930,삼성전자,351500,0.72,32441539
2026-06-02 13:22:32,5930,삼성전자,351250,0.64,32442560
2026-06-02 13:22:37,5930,삼성전자,351250,0.64,32443631
2026-06-02 13:22:42,5930,삼성전자,351500,0.72,32444574
2026-06-02 13:22:47,5930,삼성전자,351500,0.72,32445335
2026-06-02 13:22:52,5930,삼성전자,351500,0.72,32445667
2026-06-02 13:22:57,5930,삼성전자,351000,0.57,32446354
2026-06-02 13:23:02,5930,삼성전자,351000,0.57,32446702
2026-06-02 13:23:07,5930,삼성전자,351500,0.72,32469296
2026-06-02 13:23:12,5930,삼성전자,352000,0.86,32470128
2026-06-02 13:23:18,5930,삼성전자,351750,0.79,32470954
2026-06-02 13:23:23,5930,삼성전자,351750,0.79,32472879
2026-06-02 13:23:28,5930,삼성전자,352000,0.86,32477634
2026-06-02 13:23:33,5930,삼성전자,351750,0.79,32479731
2026-06-02 13:23:38,5930,삼성전자,351500,0.72,32481780
2026-06-02 13:23:43,5930,삼성전자,352000,0.86,32482548
2026-06-02 13:23:48,5930,삼성전자,351500,0.72,32492349
2026-06-02 13:23:53,5930,삼성전자,351500,0.72,32501948
2026-06-02 13:23:58,5930,삼성전자,351250,0.64,32505540
2026-06-02 13:24:03,5930,삼성전자,351250,0.64,32507212
2026-06-02 13:24:08,5930,삼성전자,351250,0.64,32510897
2026-06-02 13:24:13,5930,삼성전자,350500,0.43,32554686
2026-06-02 13:24:18,5930,삼성전자,350000,0.29,32580593
2026-06-02 13:24:23,5930,삼성전자,350250,0.36,32582165
2026-06-02 13:24:29,5930,삼성전자,350500,0.43,32592985
2026-06-02 13:24:34,5930,삼성전자,350000,0.29,32595769
2026-06-02 13:24:39,5930,삼성전자,350500,0.43,32597662
2026-06-02 13:24:44,5930,삼성전자,350250,0.36,32600729
2026-06-02 13:24:49,5930,삼성전자,350500,0.43,32602006
2026-06-02 13:24:54,5930,삼성전자,350500,0.43,32607786
2026-06-02 13:24:59,5930,삼성전자,350500,0.43,32610513
2026-06-02 13:25:04,5930,삼성전자,350500,0.43,32616759
2026-06-02 13:25:09,5930,삼성전자,350500,0.43,32622599
2026-06-02 13:25:14,5930,삼성전자,350250,0.36,32624425
2026-06-02 13:25:19,5930,삼성전자,350500,0.43,32627206
2026-06-02 13:25:24,5930,삼성전자,350500,0.43,32654524
2026-06-02 13:25:29,5930,삼성전자,350500,0.43,32661109
2026-06-02 13:25:35,5930,삼성전자,350000,0.29,32663770
2026-06-02 13:25:40,5930,삼성전자,350000,0.29,32672632
2026-06-02 13:25:45,5930,삼성전자,350500,0.43,32674883
2026-06-02 13:25:50,5930,삼성전자,350500,0.43,32676230
2026-06-02 13:25:55,5930,삼성전자,350500,0.43,32678861
2026-06-02 13:26:00,5930,삼성전자,350500,0.43,32680539
2026-06-02 13:26:05,5930,삼성전자,350500,0.43,32683584
2026-06-02 13:26:10,5930,삼성전자,350500,0.43,32690873
2026-06-02 13:26:15,5930,삼성전자,350000,0.29,32692776
2026-06-02 13:26:20,5930,삼성전자,350000,0.29,32744975
2026-06-02 13:26:25,5930,삼성전자,349500,0.14,32761299
2026-06-02 13:26:30,5930,삼성전자,349500,0.14,32765635
2026-06-02 13:26:35,5930,삼성전자,349500,0.14,32767712
2026-06-02 13:26:41,5930,삼성전자,350000,0.29,32770087
2026-06-02 13:26:46,5930,삼성전자,350000,0.29,32771974
2026-06-02 13:26:51,5930,삼성전자,350000,0.29,32776412
2026-06-02 13:26:56,5930,삼성전자,350000,0.29,32781694
2026-06-02 13:27:01,5930,삼성전자,350000,0.29,32782761
2026-06-02 13:27:06,5930,삼성전자,350000,0.29,32783911
2026-06-02 13:27:11,5930,삼성전자,350000,0.29,32786154
2026-06-02 13:27:16,5930,삼성전자,350000,0.29,32788423
2026-06-02 13:27:21,5930,삼성전자,349750,0.21,32789773
2026-06-02 13:27:26,5930,삼성전자,350000,0.29,32792346
2026-06-02 13:27:31,5930,삼성전자,349500,0.14,32795789
2026-06-02 13:27:36,5930,삼성전자,350000,0.29,32797620
2026-06-02 13:27:41,5930,삼성전자,350000,0.29,32803465
2026-06-02 13:27:46,5930,삼성전자,349750,0.21,32804781
2026-06-02 13:27:52,5930,삼성전자,350000,0.29,32806308
2026-06-02 13:27:57,5930,삼성전자,350000,0.29,32808487
2026-06-02 13:28:02,5930,삼성전자,350000,0.29,32817007
2026-06-02 13:28:07,5930,삼성전자,349500,0.14,32822719
2026-06-02 13:28:12,5930,삼성전자,349500,0.14,32831740
2026-06-02 13:28:17,5930,삼성전자,349500,0.14,32835248
2026-06-02 13:28:22,5930,삼성전자,350500,0.43,32923887
2026-06-02 13:28:27,5930,삼성전자,350000,0.29,32925157
2026-06-02 13:28:32,5930,삼성전자,350500,0.43,32936115
2026-06-02 13:28:37,5930,삼성전자,351000,0.57,32971534
2026-06-02 13:31:34,5930,삼성전자,352500,1.0,33127081
2026-06-02 13:32:11,5930,삼성전자,352500,1.0,33162309
2026-06-02 13:32:16,5930,삼성전자,352500,1.0,33163030
2026-06-02 13:34:48,5930,삼성전자,352000,0.86,33296203
2026-06-02 13:35:01,5930,삼성전자,351750,0.79,33300820
2026-06-02 13:35:06,5930,삼성전자,352000,0.86,33302580
2026-06-02 13:35:21,5930,삼성전자,352000,0.86,33307726
2026-06-02 13:35:26,5930,삼성전자,352000,0.86,33314127
2026-06-02 13:35:31,5930,삼성전자,351750,0.79,33314553
2026-06-02 13:35:36,5930,삼성전자,351500,0.72,33315186
2026-06-02 13:35:42,5930,삼성전자,352000,0.86,33317640
2026-06-02 13:35:47,5930,삼성전자,352000,0.86,33318271
2026-06-02 13:35:52,5930,삼성전자,351750,0.79,33318834
2026-06-02 13:35:57,5930,삼성전자,351500,0.72,33319193
2026-06-02 13:36:02,5930,삼성전자,352000,0.86,33321024
2026-06-02 13:36:07,5930,삼성전자,351500,0.72,33321982
2026-06-02 13:36:12,5930,삼성전자,352000,0.86,33322779
2026-06-02 13:36:17,5930,삼성전자,351750,0.79,33323732
2026-06-02 13:36:22,5930,삼성전자,351750,0.79,33324987
2026-06-02 13:36:27,5930,삼성전자,352000,0.86,33325846
2026-06-02 13:36:33,5930,삼성전자,351500,0.72,33336229
2026-06-02 13:39:04,5930,삼성전자,351250,0.64,33393371
2026-06-02 13:39:09,5930,삼성전자,351250,0.64,33393919
2026-06-02 13:39:14,5930,삼성전자,351500,0.72,33394850
2026-06-02 13:39:19,5930,삼성전자,351750,0.79,33423066
2026-06-02 13:39:25,5930,삼성전자,352000,0.86,33433959
2026-06-02 13:39:30,5930,삼성전자,352000,0.86,33434229
2026-06-02 13:39:35,5930,삼성전자,352000,0.86,33434874
2026-06-02 13:39:40,5930,삼성전자,352000,0.86,33448377
2026-06-02 13:39:45,5930,삼성전자,351750,0.79,33449415
2026-06-02 13:39:50,5930,삼성전자,352000,0.86,33449964
2026-06-02 13:39:55,5930,삼성전자,352000,0.86,33454802
2026-06-02 13:40:00,5930,삼성전자,351750,0.79,33455439
2026-06-02 13:40:05,5930,삼성전자,352000,0.86,33460145
2026-06-02 13:40:10,5930,삼성전자,351750,0.79,33461022
2026-06-02 13:40:15,5930,삼성전자,351750,0.79,33462172
2026-06-02 13:40:20,5930,삼성전자,352000,0.86,33462496
2026-06-02 13:40:25,5930,삼성전자,351750,0.79,33470091
2026-06-02 13:40:31,5930,삼성전자,352000,0.86,33472301
2026-06-02 13:40:36,5930,삼성전자,351500,0.72,33473140
2026-06-02 13:40:41,5930,삼성전자,352000,0.86,33474802
2026-06-02 13:40:46,5930,삼성전자,352000,0.86,33476172
2026-06-02 13:40:51,5930,삼성전자,352000,0.86,33479973
2026-06-02 13:40:56,5930,삼성전자,352000,0.86,33529044
2026-06-02 13:41:01,5930,삼성전자,352000,0.86,33537202
2026-06-02 13:41:06,5930,삼성전자,352000,0.86,33537938
2026-06-02 13:44:30,5930,삼성전자,351000,0.57,33615371
2026-06-02 13:44:35,5930,삼성전자,351000,0.57,33672916
2026-06-02 13:45:46,5930,삼성전자,352000,0.86,33749630
2026-06-02 13:45:51,5930,삼성전자,351500,0.72,33772712
2026-06-02 13:45:56,5930,삼성전자,352000,0.86,33795999
2026-06-02 13:46:01,5930,삼성전자,352000,0.86,33796477
2026-06-02 13:46:06,5930,삼성전자,352000,0.86,33797548
2026-06-02 13:46:12,5930,삼성전자,352000,0.86,33797930
2026-06-02 13:46:17,5930,삼성전자,352000,0.86,33811866
2026-06-02 13:46:22,5930,삼성전자,352250,0.93,33812967
2026-06-02 13:46:27,5930,삼성전자,352000,0.86,33815557
2026-06-02 13:46:32,5930,삼성전자,352000,0.86,33816277
2026-06-02 13:46:37,5930,삼성전자,352000,0.86,33830645
2026-06-02 13:46:42,5930,삼성전자,352250,0.93,33833105
2026-06-02 13:46:47,5930,삼성전자,352500,1.0,33833814
2026-06-02 13:46:52,5930,삼성전자,352250,0.93,33834824
2026-06-02 13:49:10,5930,삼성전자,352750,1.07,33994274
2026-06-02 13:49:15,5930,삼성전자,353000,1.15,34014216
2026-06-02 13:49:20,5930,삼성전자,353000,1.15,34018880
2026-06-02 13:49:25,5930,삼성전자,353000,1.15,34026204
2026-06-02 13:49:30,5930,삼성전자,353000,1.15,34028230
2026-06-02 13:49:35,5930,삼성전자,353000,1.15,34031336
2026-06-02 13:49:40,5930,삼성전자,353000,1.15,34038320
2026-06-02 13:49:45,5930,삼성전자,353250,1.22,34042128
2026-06-02 13:49:50,5930,삼성전자,353250,1.22,34042887
2026-06-02 13:49:55,5930,삼성전자,353000,1.15,34043527
2026-06-02 13:50:00,5930,삼성전자,353250,1.22,34044216
2026-06-02 13:50:05,5930,삼성전자,352750,1.07,34053995
2026-06-02 13:50:10,5930,삼성전자,353000,1.15,34057021
2026-06-02 13:50:16,5930,삼성전자,353000,1.15,34065212
2026-06-02 13:50:58,5930,삼성전자,353000,1.15,34075199
2026-06-02 13:51:03,5930,삼성전자,353000,1.15,34076511
2026-06-02 13:51:08,5930,삼성전자,353500,1.29,34077467
2026-06-02 13:51:13,5930,삼성전자,353500,1.29,34077838
2026-06-02 13:51:19,5930,삼성전자,353000,1.15,34078673
2026-06-02 13:51:24,5930,삼성전자,353000,1.15,34079487
2026-06-02 13:51:29,5930,삼성전자,353500,1.29,34087631
2026-06-02 13:51:34,5930,삼성전자,353500,1.29,34097377
2026-06-02 13:51:39,5930,삼성전자,353500,1.29,34104632
2026-06-02 13:51:44,5930,삼성전자,353500,1.29,34106917
2026-06-02 13:51:49,5930,삼성전자,353750,1.36,34107830
2026-06-02 13:51:54,5930,삼성전자,353750,1.36,34109476
2026-06-02 13:51:59,5930,삼성전자,353500,1.29,34110966
2026-06-02 13:52:04,5930,삼성전자,353500,1.29,34127022
2026-06-02 13:52:09,5930,삼성전자,353500,1.29,34143877
2026-06-02 13:52:15,5930,삼성전자,353500,1.29,34147711
2026-06-02 13:52:20,5930,삼성전자,353500,1.29,34150098
2026-06-02 13:52:25,5930,삼성전자,353500,1.29,34153892
2026-06-02 13:52:30,5930,삼성전자,353500,1.29,34156311
2026-06-02 14:05:21,5930,삼성전자,356250,2.08,35103495
2026-06-02 14:05:26,5930,삼성전자,356000,2.01,35125076
2026-06-02 14:05:31,5930,삼성전자,356000,2.01,35127953
2026-06-02 14:05:36,5930,삼성전자,356000,2.01,35133694
2026-06-02 14:05:41,5930,삼성전자,355750,1.93,35146763
2026-06-02 14:05:46,5930,삼성전자,356000,2.01,35149960
2026-06-02 14:05:52,5930,삼성전자,356000,2.01,35154545
2026-06-02 14:05:57,5930,삼성전자,356000,2.01,35156958
2026-06-02 14:06:02,5930,삼성전자,355250,1.79,35175737
2026-06-02 14:06:07,5930,삼성전자,355000,1.72,35178861
2026-06-02 14:06:12,5930,삼성전자,355000,1.72,35194446
2026-06-02 14:06:17,5930,삼성전자,355500,1.86,35194934
2026-06-02 14:06:22,5930,삼성전자,355000,1.72,35195770
2026-06-02 14:06:27,5930,삼성전자,355000,1.72,35198812
2026-06-02 14:06:32,5930,삼성전자,355500,1.86,35207229
2026-06-02 14:06:37,5930,삼성전자,355000,1.72,35208202
2026-06-02 14:06:42,5930,삼성전자,355000,1.72,35215930
2026-06-02 14:06:48,5930,삼성전자,355000,1.72,35219587
2026-06-02 14:06:53,5930,삼성전자,355000,1.72,35223419
2026-06-02 14:06:58,5930,삼성전자,355000,1.72,35228775
2026-06-02 14:07:03,5930,삼성전자,355000,1.72,35230091
2026-06-02 14:07:08,5930,삼성전자,354500,1.58,35232565
2026-06-02 14:07:13,5930,삼성전자,355250,1.79,35236470
2026-06-02 14:07:18,5930,삼성전자,355000,1.72,35237885
2026-06-02 14:07:23,5930,삼성전자,355000,1.72,35240508
2026-06-02 14:07:28,5930,삼성전자,355500,1.86,35242391
2026-06-02 14:07:33,5930,삼성전자,356000,2.01,35251880
2026-06-02 14:07:38,5930,삼성전자,355500,1.86,35254593
2026-06-02 14:07:43,5930,삼성전자,356000,2.01,35260694
2026-06-02 14:07:48,5930,삼성전자,356000,2.01,35261157
2026-06-02 14:07:54,5930,삼성전자,355750,1.93,35262545
2026-06-02 14:07:59,5930,삼성전자,355500,1.86,35263818
2026-06-02 14:08:04,5930,삼성전자,355500,1.86,35265283
2026-06-02 14:08:09,5930,삼성전자,355500,1.86,35266133
2026-06-02 14:08:14,5930,삼성전자,356000,2.01,35266929
2026-06-02 14:08:19,5930,삼성전자,355500,1.86,35268223
2026-06-02 14:08:24,5930,삼성전자,356000,2.01,35269086
2026-06-02 14:08:29,5930,삼성전자,355500,1.86,35269911
2026-06-02 14:08:34,5930,삼성전자,356000,2.01,35270681
2026-06-02 14:08:39,5930,삼성전자,356000,2.01,35271678
2026-06-02 14:08:44,5930,삼성전자,356000,2.01,35272520
2026-06-02 14:08:49,5930,삼성전자,356000,2.01,35273657
2026-06-02 14:08:54,5930,삼성전자,356000,2.01,35274799
2026-06-02 14:08:59,5930,삼성전자,356500,2.15,35292835
2026-06-02 14:09:05,5930,삼성전자,356000,2.01,35294630
2026-06-02 14:09:10,5930,삼성전자,356500,2.15,35295779
2026-06-02 14:09:15,5930,삼성전자,356000,2.01,35296671
2026-06-02 14:09:20,5930,삼성전자,356000,2.01,35297860
2026-06-02 14:09:25,5930,삼성전자,356500,2.15,35298323
2026-06-02 14:09:30,5930,삼성전자,356500,2.15,35299331
2026-06-02 14:09:35,5930,삼성전자,356500,2.15,35301277
2026-06-02 14:09:40,5930,삼성전자,356250,2.08,35301703
2026-06-02 14:09:45,5930,삼성전자,356500,2.15,35302430
2026-06-02 14:09:50,5930,삼성전자,356500,2.15,35303326
2026-06-02 14:09:55,5930,삼성전자,356500,2.15,35304212
2026-06-02 14:10:00,5930,삼성전자,355750,1.93,35334461
2026-06-02 14:10:05,5930,삼성전자,355000,1.72,35343944
2026-06-02 14:10:11,5930,삼성전자,355500,1.86,35351264
2026-06-02 14:10:16,5930,삼성전자,355500,1.86,35356216
2026-06-02 14:10:21,5930,삼성전자,355750,1.93,35357531
2026-06-02 14:10:26,5930,삼성전자,355500,1.86,35358723
2026-06-02 14:10:31,5930,삼성전자,356000,2.01,35359580
2026-06-02 14:10:36,5930,삼성전자,355750,1.93,35360905
2026-06-02 14:10:41,5930,삼성전자,356000,2.01,35362085
2026-06-02 14:10:46,5930,삼성전자,356000,2.01,35363500
2026-06-02 14:10:51,5930,삼성전자,355750,1.93,35367933
2026-06-02 14:10:56,5930,삼성전자,355500,1.86,35368902
2026-06-02 14:11:01,5930,삼성전자,356000,2.01,35383236
2026-06-02 14:11:06,5930,삼성전자,356000,2.01,35386749
2026-06-02 14:11:11,5930,삼성전자,355500,1.86,35392502
2026-06-02 14:11:16,5930,삼성전자,355500,1.86,35406501
2026-06-02 14:11:22,5930,삼성전자,355500,1.86,35410519
2026-06-02 14:11:27,5930,삼성전자,355250,1.79,35411610
2026-06-02 14:11:32,5930,삼성전자,355500,1.86,35420867
2026-06-02 14:11:37,5930,삼성전자,355500,1.86,35434871
2026-06-02 14:11:42,5930,삼성전자,355500,1.86,35438025
2026-06-02 14:11:47,5930,삼성전자,356500,2.15,35447849
2026-06-02 14:11:52,5930,삼성전자,356000,2.01,35450860
2026-06-02 14:11:57,5930,삼성전자,355500,1.86,35452562
2026-06-02 14:12:02,5930,삼성전자,356000,2.01,35453314
2026-06-02 14:12:07,5930,삼성전자,356000,2.01,35462119
2026-06-02 14:12:12,5930,삼성전자,356000,2.01,35466538
2026-06-02 14:12:17,5930,삼성전자,355500,1.86,35467642
2026-06-02 14:12:23,5930,삼성전자,355750,1.93,35468477
2026-06-02 14:12:28,5930,삼성전자,355500,1.86,35470091
2026-06-02 14:12:33,5930,삼성전자,356000,2.01,35471236
2026-06-02 14:12:38,5930,삼성전자,356000,2.01,35472746
2026-06-02 14:12:43,5930,삼성전자,356000,2.01,35473589
2026-06-02 14:12:48,5930,삼성전자,355500,1.86,35475335
2026-06-02 14:12:53,5930,삼성전자,356000,2.01,35476123
2026-06-02 14:12:58,5930,삼성전자,356000,2.01,35477278
2026-06-02 14:13:03,5930,삼성전자,356000,2.01,35481557
2026-06-02 14:13:08,5930,삼성전자,355500,1.86,35482616
2026-06-02 14:13:13,5930,삼성전자,355750,1.93,35483980
2026-06-02 14:13:18,5930,삼성전자,356000,2.01,35490121
2026-06-02 14:13:24,5930,삼성전자,356000,2.01,35492685
2026-06-02 14:13:29,5930,삼성전자,355750,1.93,35494272
2026-06-02 14:13:34,5930,삼성전자,355750,1.93,35497538
2026-06-02 14:15:13,5930,삼성전자,355500,1.86,35587709
2026-06-02 14:15:18,5930,삼성전자,356000,2.01,35589298
2026-06-02 14:15:24,5930,삼성전자,355750,1.93,35590491
2026-06-02 14:15:29,5930,삼성전자,355500,1.86,35592781
2026-06-02 14:15:34,5930,삼성전자,356000,2.01,35595960
2026-06-02 14:15:39,5930,삼성전자,356000,2.01,35602289
2026-06-02 14:15:44,5930,삼성전자,356250,2.08,35624882
2026-06-02 14:15:49,5930,삼성전자,356250,2.08,35626063
2026-06-02 14:15:54,5930,삼성전자,356250,2.08,35628565
2026-06-02 14:15:59,5930,삼성전자,356500,2.15,35629562
2026-06-02 14:16:04,5930,삼성전자,356500,2.15,35631058
2026-06-02 14:16:10,5930,삼성전자,356250,2.08,35633041
2026-06-02 14:16:15,5930,삼성전자,356250,2.08,35633907
2026-06-02 14:16:20,5930,삼성전자,356000,2.01,35635009
2026-06-02 14:16:25,5930,삼성전자,356500,2.15,35635957
2026-06-02 14:16:30,5930,삼성전자,356000,2.01,35637266
2026-06-02 14:16:35,5930,삼성전자,356500,2.15,35638256
2026-06-02 14:16:40,5930,삼성전자,356000,2.01,35639925
2026-06-02 14:16:45,5930,삼성전자,356500,2.15,35641406
2026-06-02 14:16:50,5930,삼성전자,356000,2.01,35642283
2026-06-02 14:16:55,5930,삼성전자,356500,2.15,35642978
2026-06-02 14:17:00,5930,삼성전자,356500,2.15,35645133
2026-06-02 14:17:05,5930,삼성전자,356500,2.15,35647745
2026-06-02 14:17:10,5930,삼성전자,356250,2.08,35651770
2026-06-02 14:17:16,5930,삼성전자,356500,2.15,35652890
2026-06-02 14:17:21,5930,삼성전자,356500,2.15,35654725
2026-06-02 14:17:26,5930,삼성전자,356250,2.08,35655845
2026-06-02 14:17:31,5930,삼성전자,356250,2.08,35660147
2026-06-02 14:17:36,5930,삼성전자,356250,2.08,35661363
2026-06-02 14:17:41,5930,삼성전자,356250,2.08,35664216
2026-06-02 14:17:46,5930,삼성전자,356250,2.08,35666238
2026-06-02 14:21:14,5930,삼성전자,356250,2.08,35749052
2026-06-02 14:21:20,5930,삼성전자,356500,2.15,35750199
2026-06-02 14:36:32,5930,삼성전자,361000,3.44,36796191
2026-06-02 14:36:38,5930,삼성전자,361500,3.58,36814992
2026-06-02 14:36:43,5930,삼성전자,361000,3.44,36819187
2026-06-02 14:36:48,5930,삼성전자,361500,3.58,36822772
2026-06-02 14:36:53,5930,삼성전자,361500,3.58,36848128
2026-06-02 14:36:58,5930,삼성전자,361500,3.58,36850534
2026-06-02 14:37:03,5930,삼성전자,361000,3.44,36853435
2026-06-02 14:50:00,5930,삼성전자,365000,4.58,38216509
2026-06-02 14:50:05,5930,삼성전자,365500,4.73,38219857
2026-06-02 14:50:10,5930,삼성전자,365500,4.73,38221936
2026-06-02 14:50:15,5930,삼성전자,365500,4.73,38228726
2026-06-02 14:50:20,5930,삼성전자,366000,4.87,38243579
2026-06-02 14:50:25,5930,삼성전자,365500,4.73,38250768
2026-06-02 14:50:30,5930,삼성전자,365500,4.73,38254253
2026-06-02 14:50:35,5930,삼성전자,365500,4.73,38261763
2026-06-02 14:50:40,5930,삼성전자,365500,4.73,38281410
2026-06-02 14:50:45,5930,삼성전자,365500,4.73,38282301
2026-06-02 14:50:51,5930,삼성전자,364000,4.3,38302974
2026-06-02 14:50:56,5930,삼성전자,365000,4.58,38314303
2026-06-02 14:51:01,5930,삼성전자,364500,4.44,38318981
2026-06-02 14:51:06,5930,삼성전자,364500,4.44,38321844
2026-06-02 14:51:11,5930,삼성전자,364750,4.51,38326059
2026-06-02 14:51:16,5930,삼성전자,365000,4.58,38337550
2026-06-02 14:51:21,5930,삼성전자,364500,4.44,38339208
2026-06-02 14:51:26,5930,삼성전자,364500,4.44,38342582
2026-06-02 14:51:31,5930,삼성전자,365000,4.58,38354555
2026-06-02 14:51:36,5930,삼성전자,364500,4.44,38363600
2026-06-02 14:51:41,5930,삼성전자,364000,4.3,38365517
2026-06-02 14:51:46,5930,삼성전자,364000,4.3,38367493
2026-06-02 14:51:51,5930,삼성전자,364000,4.3,38374508
2026-06-02 14:51:57,5930,삼성전자,364000,4.3,38392537
2026-06-02 14:52:02,5930,삼성전자,363000,4.01,38404445
2026-06-02 14:52:07,5930,삼성전자,363500,4.15,38415388
2026-06-02 14:52:12,5930,삼성전자,363500,4.15,38425418
2026-06-02 14:52:17,5930,삼성전자,363750,4.23,38444185
2026-06-02 14:52:22,5930,삼성전자,364000,4.3,38446337
2026-06-02 14:52:27,5930,삼성전자,364000,4.3,38452747
2026-06-02 14:52:32,5930,삼성전자,363500,4.15,38464115
2026-06-02 14:52:37,5930,삼성전자,363500,4.15,38467823
2026-06-02 14:52:42,5930,삼성전자,363000,4.01,38471968
2026-06-02 14:52:48,5930,삼성전자,363500,4.15,38475552
2026-06-02 14:52:53,5930,삼성전자,363000,4.01,38477929
2026-06-02 14:52:58,5930,삼성전자,363000,4.01,38487018
2026-06-02 14:53:03,5930,삼성전자,362500,3.87,38494952
2026-06-02 14:53:08,5930,삼성전자,363000,4.01,38502590
2026-06-02 14:53:13,5930,삼성전자,362500,3.87,38518043
2026-06-02 14:53:18,5930,삼성전자,362000,3.72,38524879
2026-06-02 14:53:23,5930,삼성전자,362500,3.87,38530118
2026-06-02 14:53:28,5930,삼성전자,362000,3.72,38575081
2026-06-02 14:53:33,5930,삼성전자,361500,3.58,38583708
2026-06-02 14:53:38,5930,삼성전자,361000,3.44,38595094
2026-06-02 14:53:43,5930,삼성전자,361500,3.58,38605001
2026-06-02 14:53:48,5930,삼성전자,361000,3.44,38634192
2026-06-02 14:53:53,5930,삼성전자,361500,3.58,38646917
2026-06-02 14:53:58,5930,삼성전자,361500,3.58,38652409
2026-06-02 14:54:03,5930,삼성전자,361500,3.58,38657720
2026-06-02 14:54:09,5930,삼성전자,361500,3.58,38662294
2026-06-02 14:54:14,5930,삼성전자,362000,3.72,38691503
2026-06-02 14:54:19,5930,삼성전자,361500,3.58,38698287
2026-06-02 14:54:24,5930,삼성전자,361500,3.58,38702930
2026-06-02 14:54:29,5930,삼성전자,361500,3.58,38712880
2026-06-02 14:54:34,5930,삼성전자,361500,3.58,38717754
2026-06-02 14:54:39,5930,삼성전자,361000,3.44,38723418
2026-06-02 14:54:44,5930,삼성전자,361500,3.58,38728047
2026-06-02 14:54:49,5930,삼성전자,360500,3.3,38739254
2026-06-02 14:54:54,5930,삼성전자,360250,3.22,38758341
2026-06-02 14:54:59,5930,삼성전자,360000,3.15,38768102
2026-06-02 14:55:04,5930,삼성전자,360500,3.3,38805392
2026-06-02 14:55:09,5930,삼성전자,360500,3.3,38812931
2026-06-02 14:55:14,5930,삼성전자,361000,3.44,38820093
2026-06-02 14:55:20,5930,삼성전자,360500,3.3,38827792
2026-06-02 14:55:25,5930,삼성전자,360000,3.15,38829534
2026-06-02 14:55:30,5930,삼성전자,360500,3.3,38831356
2026-06-02 14:55:35,5930,삼성전자,360500,3.3,38834360
2026-06-02 14:55:40,5930,삼성전자,360500,3.3,38849633
2026-06-02 14:55:45,5930,삼성전자,361000,3.44,38863928
2026-06-02 14:55:51,5930,삼성전자,361500,3.58,38867076
2026-06-02 14:55:56,5930,삼성전자,361250,3.51,38868345
2026-06-02 14:56:01,5930,삼성전자,361000,3.44,38870732
2026-06-02 14:56:07,5930,삼성전자,361250,3.51,38872359
2026-06-02 14:56:12,5930,삼성전자,361500,3.58,38881509
2026-06-02 14:56:17,5930,삼성전자,361500,3.58,38884811
2026-06-02 14:56:22,5930,삼성전자,361000,3.44,38889325
2026-06-02 14:56:27,5930,삼성전자,361000,3.44,38891945
2026-06-02 14:56:32,5930,삼성전자,361000,3.44,38916339
2026-06-02 14:56:37,5930,삼성전자,361500,3.58,38921308
2026-06-02 14:56:42,5930,삼성전자,361500,3.58,38923426
2026-06-02 14:56:47,5930,삼성전자,361500,3.58,38926529
2026-06-02 14:56:52,5930,삼성전자,361500,3.58,38928092
2026-06-02 14:56:57,5930,삼성전자,361500,3.58,38930754
2026-06-02 14:57:02,5930,삼성전자,361500,3.58,38933067
2026-06-02 14:57:07,5930,삼성전자,361500,3.58,38934991
2026-06-02 14:57:13,5930,삼성전자,361500,3.58,38945697
2026-06-02 14:57:18,5930,삼성전자,361500,3.58,38948868
2026-06-02 14:57:23,5930,삼성전자,361750,3.65,38953780
2026-06-02 14:57:28,5930,삼성전자,362000,3.72,38956338
2026-06-02 14:57:33,5930,삼성전자,362500,3.87,38968019
2026-06-02 15:08:55,5930,삼성전자,359000,2.87,39812432
2026-06-02 15:09:00,5930,삼성전자,359500,3.01,39814995
2026-06-02 15:09:06,5930,삼성전자,359000,2.87,39822661
2026-06-02 15:09:11,5930,삼성전자,359000,2.87,39824488
2026-06-02 15:09:16,5930,삼성전자,359000,2.87,39847740
2026-06-02 15:09:21,5930,삼성전자,358500,2.72,39853883
2026-06-02 15:09:26,5930,삼성전자,359000,2.87,39861579
2026-06-02 15:09:34,5930,삼성전자,359000,2.87,39869643
2026-06-02 15:09:43,5930,삼성전자,359000,2.87,39875567
2026-06-02 15:09:48,5930,삼성전자,358500,2.72,39886694
2026-06-02 15:16:34,5930,삼성전자,361500,3.58,40382341
2026-06-02 15:16:45,5930,삼성전자,361500,3.58,40394134
2026-06-02 15:16:50,5930,삼성전자,361000,3.44,40404082
2026-06-02 15:22:05,5930,삼성전자,360000,3.15,40627758
2026-06-02 15:22:10,5930,삼성전자,360000,3.15,40627758
2026-06-02 15:22:15,5930,삼성전자,360000,3.15,40627758
2026-06-02 15:22:20,5930,삼성전자,360000,3.15,40627758
2026-06-02 15:22:25,5930,삼성전자,360000,3.15,40627758
2026-06-02 15:22:30,5930,삼성전자,360000,3.15,40627758
2026-06-02 15:22:38,5930,삼성전자,360000,3.15,40627758
2026-06-02 15:22:43,5930,삼성전자,360000,3.15,40627758
2026-06-03 09:12:38,5930,삼성전자,360500,3.3,44720282
2026-06-03 09:12:43,5930,삼성전자,360500,3.3,44720282
2026-06-03 09:12:48,5930,삼성전자,360500,3.3,44720282
2026-06-03 09:12:54,5930,삼성전자,360500,3.3,44720282
2026-06-03 09:12:59,5930,삼성전자,360500,3.3,44720282
2026-06-03 09:13:04,5930,삼성전자,360500,3.3,44720282
2026-06-03 09:13:09,5930,삼성전자,360500,3.3,44720282
2026-06-03 09:13:14,5930,삼성전자,360500,3.3,44720282
2026-06-03 09:13:19,5930,삼성전자,360500,3.3,44720282
2026-06-03 09:13:24,5930,삼성전자,360500,3.3,44720282
2026-06-03 09:13:29,5930,삼성전자,360500,3.3,44720282
2026-06-03 09:13:34,5930,삼성전자,360500,3.3,44720282
2026-06-03 09:13:39,5930,삼성전자,360500,3.3,44720282
2026-06-03 09:13:44,5930,삼성전자,360500,3.3,44720282
2026-06-03 09:13:49,5930,삼성전자,360500,3.3,44720282
2026-06-03 09:13:54,5930,삼성전자,360500,3.3,44720282
2026-06-03 09:13:59,5930,삼성전자,360500,3.3,44720282
2026-06-03 09:14:04,5930,삼성전자,360500,3.3,44720282
2026-06-03 09:14:09,5930,삼성전자,360500,3.3,44720282
2026-06-03 09:14:15,5930,삼성전자,360500,3.3,44720282
2026-06-03 09:14:20,5930,삼성전자,360500,3.3,44720282
