datetime,open,high,low,close,volume,change_rate,volume_diff
2026-06-01 15:00:00,351500.0,351750.0,350500.0,351750.0,34368766.0,10.96,0.0
2026-06-01 15:05:00,353000.0,354250.0,352500.0,353000.0,35390871.0,11.36,1022105.0
2026-06-01 15:10:00,353000.0,353500.0,351500.0,352000.0,35965866.0,11.04,574995.0
2026-06-01 15:15:00,352500.0,352500.0,351000.0,352000.0,36678231.0,11.04,712365.0
2026-06-01 15:20:00,351500.0,351500.0,351500.0,351500.0,36679661.0,10.88,1430.0
2026-06-01 15:25:00,351500.0,351500.0,351500.0,351500.0,36679661.0,10.88,0.0
2026-06-01 15:30:00,351500.0,351500.0,349000.0,349000.0,39345631.0,10.09,2665970.0
2026-06-01 15:35:00,349000.0,349000.0,349000.0,349000.0,39369650.0,10.09,24019.0
2026-06-01 15:40:00,349000.0,349000.0,349000.0,349000.0,39369788.0,10.09,138.0
2026-06-01 15:45:00,349000.0,349000.0,349000.0,349000.0,39371923.0,10.09,2135.0
2026-06-01 15:50:00,349000.0,349000.0,349000.0,349000.0,39371979.0,10.09,56.0
2026-06-01 15:55:00,349000.0,349000.0,349000.0,349000.0,39372101.0,10.09,122.0
2026-06-01 16:00:00,349000.0,349000.0,349000.0,349000.0,39372103.0,10.09,2.0
2026-06-01 16:05:00,349000.0,349000.0,349000.0,349000.0,39372103.0,10.09,0.0
2026-06-01 16:10:00,349000.0,349000.0,349000.0,349000.0,39372103.0,10.09,0.0
2026-06-01 16:15:00,349000.0,349000.0,349000.0,349000.0,39372103.0,10.09,0.0
2026-06-01 16:20:00,349000.0,349000.0,349000.0,349000.0,39372103.0,10.09,0.0
2026-06-01 16:25:00,349000.0,349000.0,349000.0,349000.0,39372103.0,10.09,0.0
2026-06-01 16:30:00,349000.0,349000.0,349000.0,349000.0,39372103.0,10.09,0.0
2026-06-01 16:35:00,349000.0,349000.0,349000.0,349000.0,39372103.0,10.09,0.0
2026-06-01 16:40:00,349000.0,349000.0,349000.0,349000.0,39372103.0,10.09,0.0
2026-06-01 16:45:00,349000.0,349000.0,349000.0,349000.0,39372103.0,10.09,0.0
2026-06-01 16:50:00,349000.0,349000.0,349000.0,349000.0,39372103.0,10.09,0.0
2026-06-01 16:55:00,349000.0,349000.0,349000.0,349000.0,39372103.0,10.09,0.0
2026-06-01 17:00:00,349000.0,349000.0,349000.0,349000.0,39372103.0,10.09,0.0
2026-06-01 17:05:00,349000.0,349000.0,349000.0,349000.0,39372103.0,10.09,0.0
2026-06-01 17:10:00,349000.0,349000.0,349000.0,349000.0,39372103.0,10.09,0.0
2026-06-01 17:15:00,349000.0,349000.0,349000.0,349000.0,39372103.0,10.09,0.0
2026-06-01 17:20:00,349000.0,349000.0,349000.0,349000.0,39372103.0,10.09,0.0
2026-06-01 17:25:00,349000.0,349000.0,349000.0,349000.0,39372103.0,10.09,0.0
2026-06-01 17:30:00,349000.0,349000.0,349000.0,349000.0,39372103.0,10.09,0.0
2026-06-01 17:40:00,349000.0,349000.0,349000.0,349000.0,39372103.0,10.09,0.0
2026-06-01 17:45:00,349000.0,349000.0,349000.0,349000.0,39372103.0,10.09,0.0
2026-06-01 17:50:00,349000.0,349000.0,349000.0,349000.0,39372103.0,10.09,0.0
2026-06-01 17:55:00,349000.0,349000.0,349000.0,349000.0,39372103.0,10.09,0.0
2026-06-01 18:00:00,349000.0,349000.0,349000.0,349000.0,39372103.0,10.09,0.0
2026-06-01 18:05:00,349000.0,349000.0,349000.0,349000.0,39372103.0,10.09,0.0
2026-06-01 18:20:00,349000.0,349000.0,349000.0,349000.0,45052488.0,10.09,5680385.0
2026-06-01 18:35:00,349000.0,349000.0,349000.0,349000.0,45052488.0,10.09,0.0
2026-06-01 18:40:00,349000.0,349000.0,349000.0,349000.0,45052488.0,10.09,0.0
2026-06-01 18:50:00,349000.0,349000.0,349000.0,349000.0,45052488.0,10.09,0.0
2026-06-01 18:55:00,349000.0,349000.0,349000.0,349000.0,45052488.0,10.09,0.0
2026-06-01 19:00:00,349000.0,349000.0,349000.0,349000.0,45052488.0,10.09,0.0
2026-06-01 19:05:00,349000.0,349000.0,349000.0,349000.0,45052488.0,10.09,0.0
2026-06-01 19:10:00,349000.0,349000.0,349000.0,349000.0,45052488.0,10.09,0.0
2026-06-01 19:15:00,349000.0,349000.0,349000.0,349000.0,45052488.0,10.09,0.0
2026-06-01 19:20:00,349000.0,349000.0,349000.0,349000.0,45052488.0,10.09,0.0
2026-06-01 19:25:00,349000.0,349000.0,349000.0,349000.0,45052488.0,10.09,0.0
2026-06-01 19:30:00,349000.0,349000.0,349000.0,349000.0,45052488.0,10.09,0.0
2026-06-01 19:40:00,349000.0,349000.0,349000.0,349000.0,45052488.0,10.09,0.0
2026-06-01 19:45:00,349000.0,349000.0,349000.0,349000.0,45052488.0,10.09,0.0
2026-06-01 19:50:00,349000.0,349000.0,349000.0,349000.0,45052488.0,10.09,0.0
2026-06-01 19:55:00,349000.0,349000.0,349000.0,349000.0,45052488.0,10.09,0.0
2026-06-01 20:00:00,349000.0,349000.0,349000.0,349000.0,45052488.0,10.09,0.0
2026-06-01 20:05:00,349000.0,349000.0,349000.0,349000.0,45052488.0,10.09,0.0
2026-06-01 20:10:00,349000.0,349000.0,349000.0,349000.0,45052488.0,10.09,0.0
2026-06-01 20:15:00,349000.0,349000.0,349000.0,349000.0,45052488.0,10.09,0.0
2026-06-01 20:20:00,349000.0,349000.0,349000.0,349000.0,45052488.0,10.09,0.0
2026-06-01 20:25:00,349000.0,349000.0,349000.0,349000.0,45052488.0,10.09,0.0
2026-06-01 20:30:00,349000.0,349000.0,349000.0,349000.0,45052488.0,10.09,0.0
2026-06-01 20:45:00,349000.0,349000.0,349000.0,349000.0,45052488.0,10.09,0.0
2026-06-01 20:55:00,349000.0,349000.0,349000.0,349000.0,45052488.0,10.09,0.0
2026-06-01 21:00:00,349000.0,349000.0,349000.0,349000.0,45052488.0,10.09,0.0
2026-06-01 21:10:00,349000.0,349000.0,349000.0,349000.0,45052488.0,10.09,0.0
2026-06-01 21:15:00,349000.0,349000.0,349000.0,349000.0,45052488.0,10.09,0.0
2026-06-01 21:30:00,349000.0,349000.0,349000.0,349000.0,45052488.0,10.09,0.0
2026-06-01 21:40:00,349000.0,349000.0,349000.0,349000.0,45052488.0,10.09,0.0
2026-06-02 08:55:00,349000.0,349000.0,349000.0,349000.0,172.0,0.0,-45052316.0
2026-06-02 09:00:00,349000.0,369500.0,349000.0,369000.0,5429212.0,5.73,5429040.0
2026-06-02 09:05:00,369500.0,369500.0,343500.0,357500.0,8971055.0,2.44,3541843.0
2026-06-02 09:10:00,357000.0,363000.0,357000.0,362500.0,10889150.0,3.87,1918095.0
2026-06-02 09:15:00,362500.0,363500.0,353500.0,353500.0,12552754.0,1.29,1663604.0
2026-06-02 09:20:00,355000.0,360000.0,355000.0,357250.0,13593487.0,2.36,1040733.0
2026-06-02 09:25:00,356500.0,356500.0,356500.0,356500.0,13635140.0,2.15,41653.0
2026-06-02 09:40:00,360500.0,360500.0,358500.0,358500.0,16203161.0,2.72,2568021.0
2026-06-02 09:45:00,357000.0,357500.0,355500.0,357500.0,17111233.0,2.44,908072.0
2026-06-02 09:50:00,358000.0,358000.0,355500.0,356000.0,17324167.0,2.01,212934.0
2026-06-02 09:55:00,354500.0,354500.0,349000.0,350000.0,18549540.0,0.29,1225373.0
2026-06-02 10:15:00,357500.0,358000.0,357500.0,358000.0,20496293.0,2.58,1946753.0
2026-06-02 10:30:00,359500.0,359500.0,359500.0,359500.0,21613348.0,3.01,1117055.0
2026-06-02 10:35:00,360000.0,360000.0,359500.0,359500.0,22023821.0,3.01,410473.0
2026-06-02 10:45:00,352500.0,353500.0,352500.0,353000.0,23199192.0,1.15,1175371.0
2026-06-02 10:50:00,353000.0,353000.0,352000.0,352500.0,23289801.0,1.0,90609.0
2026-06-02 11:00:00,350500.0,350500.0,350000.0,350000.0,24461643.0,0.29,1171842.0
2026-06-02 11:05:00,351000.0,351500.0,348500.0,348500.0,24781180.0,-0.14,319537.0
2026-06-02 11:10:00,351250.0,351500.0,350000.0,350000.0,25496298.0,0.29,715118.0
2026-06-02 11:15:00,350000.0,350500.0,349500.0,350000.0,25586492.0,0.29,90194.0
2026-06-02 11:20:00,354000.0,354000.0,351500.0,351500.0,26235788.0,0.72,649296.0
2026-06-02 11:25:00,352000.0,352500.0,351500.0,351500.0,26312887.0,0.72,77099.0
2026-06-02 11:30:00,353500.0,354500.0,353000.0,354500.0,26695837.0,1.58,382950.0
2026-06-02 11:35:00,354500.0,355500.0,354000.0,354500.0,26971861.0,1.58,276024.0
2026-06-02 11:40:00,354500.0,355500.0,354500.0,355500.0,27158690.0,1.86,186829.0
2026-06-02 11:45:00,355000.0,356000.0,354500.0,354500.0,27430792.0,1.58,272102.0
2026-06-02 11:50:00,355000.0,355000.0,352500.0,352500.0,27681021.0,1.0,250229.0
2026-06-02 11:55:00,354000.0,354000.0,352000.0,352500.0,28072506.0,1.0,391485.0
2026-06-02 12:00:00,352500.0,353500.0,352500.0,353000.0,28146788.0,1.15,74282.0
2026-06-02 12:05:00,351250.0,351250.0,350750.0,350750.0,28430519.0,0.5,283731.0
2026-06-02 12:25:00,348500.0,348500.0,348250.0,348250.0,29498569.0,-0.21,1068050.0
2026-06-02 12:40:00,349500.0,350000.0,349500.0,349500.0,30510149.0,0.14,1011580.0
2026-06-02 12:55:00,350750.0,350750.0,350750.0,350750.0,31186341.0,0.5,676192.0
2026-06-02 13:15:00,351500.0,351500.0,350500.0,350500.0,32357063.0,0.43,1170722.0
2026-06-02 13:20:00,350500.0,352000.0,350000.0,350500.0,32610513.0,0.43,253450.0
2026-06-02 13:25:00,350500.0,351000.0,349500.0,351000.0,32971534.0,0.57,361021.0
2026-06-02 13:30:00,352500.0,352500.0,352000.0,352000.0,33296203.0,0.86,324669.0
2026-06-02 13:35:00,351750.0,352000.0,351250.0,352000.0,33454802.0,0.86,158599.0
2026-06-02 13:40:00,351750.0,352000.0,351000.0,351000.0,33672916.0,0.57,218114.0
2026-06-02 13:45:00,352000.0,353250.0,351500.0,353000.0,34043527.0,1.15,370611.0
2026-06-02 13:50:00,353250.0,353750.0,352750.0,353500.0,34156311.0,1.29,112784.0
2026-06-02 14:05:00,356250.0,356500.0,354500.0,356500.0,35304212.0,2.15,1147901.0
2026-06-02 14:10:00,355750.0,356500.0,355000.0,355750.0,35497538.0,1.93,193326.0
2026-06-02 14:15:00,355500.0,356500.0,355500.0,356250.0,35666238.0,2.08,168700.0
2026-06-02 14:20:00,356250.0,356500.0,356250.0,356500.0,35750199.0,2.15,83961.0
2026-06-02 14:35:00,361000.0,361500.0,361000.0,361000.0,36853435.0,3.44,1103236.0
2026-06-02 14:50:00,365000.0,366000.0,360000.0,360000.0,38768102.0,3.15,1914667.0
2026-06-02 14:55:00,360500.0,362500.0,360000.0,362500.0,38968019.0,3.87,199917.0
2026-06-02 15:05:00,359000.0,359500.0,358500.0,358500.0,39886694.0,2.72,918675.0
2026-06-02 15:15:00,361500.0,361500.0,361000.0,361000.0,40404082.0,3.44,517388.0
2026-06-02 15:20:00,360000.0,360000.0,360000.0,360000.0,40627758.0,3.15,223676.0
2026-06-02 15:30:00,360500.0,360500.0,360500.0,360500.0,43093608.0,3.3,2465850.0
2026-06-02 15:40:00,360500.0,360500.0,360500.0,360500.0,43099703.0,3.3,6095.0
2026-06-02 15:45:00,360500.0,360500.0,360500.0,360500.0,43099842.0,3.3,139.0
2026-06-02 15:50:00,360500.0,360500.0,360500.0,360500.0,43101920.0,3.3,2078.0
2026-06-02 16:05:00,360500.0,360500.0,360500.0,360500.0,43102071.0,3.3,151.0
2026-06-02 16:10:00,360500.0,360500.0,360500.0,360500.0,43102071.0,3.3,0.0
2026-06-02 16:15:00,360500.0,360500.0,360500.0,360500.0,43102071.0,3.3,0.0
2026-06-02 16:20:00,360500.0,360500.0,360500.0,360500.0,43102071.0,3.3,0.0
2026-06-02 16:30:00,360500.0,360500.0,360500.0,360500.0,43102071.0,3.3,0.0
2026-06-02 16:35:00,360500.0,360500.0,360500.0,360500.0,43102071.0,3.3,0.0
2026-06-02 16:40:00,360500.0,360500.0,360500.0,360500.0,43102071.0,3.3,0.0
2026-06-02 16:45:00,360500.0,360500.0,360500.0,360500.0,43102071.0,3.3,0.0
2026-06-02 17:00:00,360500.0,360500.0,360500.0,360500.0,43102071.0,3.3,0.0
2026-06-02 17:10:00,360500.0,360500.0,360500.0,360500.0,43102071.0,3.3,0.0
2026-06-02 17:15:00,360500.0,360500.0,360500.0,360500.0,43102071.0,3.3,0.0
2026-06-02 17:35:00,360500.0,360500.0,360500.0,360500.0,43102071.0,3.3,0.0
2026-06-02 17:50:00,360500.0,360500.0,360500.0,360500.0,43102071.0,3.3,0.0
2026-06-02 17:55:00,360500.0,360500.0,360500.0,360500.0,43102071.0,3.3,0.0
2026-06-02 18:00:00,360500.0,360500.0,360500.0,360500.0,43102071.0,3.3,0.0
2026-06-02 18:05:00,360500.0,360500.0,360500.0,360500.0,44720282.0,3.3,1618211.0
2026-06-02 18:10:00,360500.0,360500.0,360500.0,360500.0,44720282.0,3.3,0.0
2026-06-02 18:25:00,360500.0,360500.0,360500.0,360500.0,44720282.0,3.3,0.0
2026-06-02 18:30:00,360500.0,360500.0,360500.0,360500.0,44720282.0,3.3,0.0
2026-06-02 18:35:00,360500.0,360500.0,360500.0,360500.0,44720282.0,3.3,0.0
2026-06-02 18:40:00,360500.0,360500.0,360500.0,360500.0,44720282.0,3.3,0.0
2026-06-02 18:45:00,360500.0,360500.0,360500.0,360500.0,44720282.0,3.3,0.0
2026-06-02 18:50:00,360500.0,360500.0,360500.0,360500.0,44720282.0,3.3,0.0
2026-06-02 19:05:00,360500.0,360500.0,360500.0,360500.0,44720282.0,3.3,0.0
2026-06-02 19:20:00,360500.0,360500.0,360500.0,360500.0,44720282.0,3.3,0.0
2026-06-02 19:25:00,360500.0,360500.0,360500.0,360500.0,44720282.0,3.3,0.0
2026-06-02 19:30:00,360500.0,360500.0,360500.0,360500.0,44720282.0,3.3,0.0
2026-06-02 19:35:00,360500.0,360500.0,360500.0,360500.0,44720282.0,3.3,0.0
2026-06-02 19:40:00,360500.0,360500.0,360500.0,360500.0,44720282.0,3.3,0.0
2026-06-02 19:45:00,360500.0,360500.0,360500.0,360500.0,44720282.0,3.3,0.0
2026-06-02 19:50:00,360500.0,360500.0,360500.0,360500.0,44720282.0,3.3,0.0
2026-06-02 19:55:00,360500.0,360500.0,360500.0,360500.0,44720282.0,3.3,0.0
2026-06-02 20:00:00,360500.0,360500.0,360500.0,360500.0,44720282.0,3.3,0.0
2026-06-02 20:05:00,360500.0,360500.0,360500.0,360500.0,44720282.0,3.3,0.0
2026-06-02 20:10:00,360500.0,360500.0,360500.0,360500.0,44720282.0,3.3,0.0
2026-06-02 20:15:00,360500.0,360500.0,360500.0,360500.0,44720282.0,3.3,0.0
2026-06-02 20:20:00,360500.0,360500.0,360500.0,360500.0,44720282.0,3.3,0.0
2026-06-02 20:25:00,360500.0,360500.0,360500.0,360500.0,44720282.0,3.3,0.0
2026-06-02 20:30:00,360500.0,360500.0,360500.0,360500.0,44720282.0,3.3,0.0
2026-06-02 20:35:00,360500.0,360500.0,360500.0,360500.0,44720282.0,3.3,0.0
2026-06-03 09:10:00,360500.0,360500.0,360500.0,360500.0,44720282.0,3.3,0.0
2026-06-05 08:30:00,351500.0,351500.0,351500.0,351500.0,137.0,0.0,-44720145.0
2026-06-05 08:35:00,351500.0,351500.0,351500.0,351500.0,138.0,0.0,1.0
2026-06-05 08:50:00,351500.0,351500.0,351500.0,351500.0,247.0,0.0,109.0
2026-06-05 08:55:00,351500.0,351500.0,351500.0,351500.0,247.0,0.0,0.0
2026-06-05 09:00:00,333500.0,334500.0,332750.0,333500.0,2380595.0,-5.12,2380348.0
2026-06-05 09:05:00,334000.0,334000.0,330000.0,330000.0,3628333.0,-6.12,1247738.0
2026-06-05 09:10:00,332500.0,332500.0,327500.0,327500.0,4679958.0,-6.83,1051625.0
2026-06-05 09:15:00,329500.0,330500.0,327250.0,327250.0,5667107.0,-6.9,987149.0
2026-06-05 09:20:00,327500.0,327500.0,326000.0,326000.0,6000610.0,-7.25,333503.0
2026-06-05 09:25:00,329000.0,329000.0,329000.0,329000.0,7202348.0,-6.4,1201738.0
2026-06-05 09:30:00,330500.0,332500.0,330500.0,331500.0,7959801.0,-5.69,757453.0
2026-06-05 09:35:00,331500.0,331500.0,328500.0,329500.0,8549779.0,-6.26,589978.0
2026-06-05 09:40:00,329500.0,330750.0,329500.0,330000.0,9064934.0,-6.12,515155.0
2026-06-05 09:45:00,328500.0,329500.0,327000.0,327000.0,9593105.0,-6.97,528171.0
2026-06-05 09:50:00,326500.0,327500.0,326000.0,327500.0,10029902.0,-6.83,436797.0
2026-06-05 09:55:00,327000.0,327000.0,326000.0,326000.0,10418858.0,-7.25,388956.0
2026-06-05 10:00:00,327000.0,327000.0,325500.0,325500.0,10851139.0,-7.4,432281.0
2026-06-05 10:05:00,326000.0,328000.0,326000.0,327000.0,11276669.0,-6.97,425530.0
2026-06-05 10:10:00,326000.0,327000.0,326000.0,326500.0,11500145.0,-7.11,223476.0
2026-06-05 10:15:00,326250.0,327500.0,325750.0,327500.0,11858620.0,-6.83,358475.0
2026-06-05 10:20:00,327500.0,327500.0,327000.0,327000.0,12114433.0,-6.97,255813.0
2026-06-05 10:25:00,326500.0,330000.0,326500.0,329500.0,12473249.0,-6.26,358816.0
2026-06-05 10:30:00,331000.0,333000.0,331000.0,333000.0,12957801.0,-5.26,484552.0
2026-06-05 10:35:00,333000.0,334500.0,333000.0,334500.0,13465444.0,-4.84,507643.0
2026-06-05 10:40:00,335000.0,337000.0,335000.0,336500.0,14096684.0,-4.27,631240.0
2026-06-05 10:45:00,336000.0,336000.0,333000.0,333000.0,14431806.0,-5.26,335122.0
2026-06-05 10:50:00,333000.0,335750.0,333000.0,335500.0,14722760.0,-4.55,290954.0
2026-06-05 10:55:00,336500.0,337500.0,336500.0,337500.0,15009184.0,-3.98,286424.0
2026-06-05 11:00:00,338000.0,339000.0,336500.0,339000.0,15430516.0,-3.56,421332.0
2026-06-05 11:05:00,338000.0,339500.0,338000.0,339000.0,15891614.0,-3.56,461098.0
2026-06-05 11:10:00,339500.0,341250.0,339500.0,340000.0,16310220.0,-3.27,418606.0
2026-06-05 11:15:00,339500.0,340500.0,339500.0,339500.0,16585834.0,-3.41,275614.0
2026-06-05 11:20:00,338000.0,341250.0,338000.0,341250.0,16798459.0,-2.92,212625.0
2026-06-05 11:25:00,341500.0,342500.0,341500.0,342000.0,17217867.0,-2.7,419408.0
2026-06-05 11:30:00,342000.0,342500.0,340500.0,340500.0,17509405.0,-3.13,291538.0
2026-06-05 11:35:00,341000.0,342000.0,340000.0,340000.0,17716751.0,-3.27,207346.0
2026-06-05 11:40:00,340250.0,340250.0,338000.0,338000.0,17951226.0,-3.84,234475.0
2026-06-05 11:45:00,337750.0,339000.0,337750.0,338000.0,18169590.0,-3.84,218364.0
2026-06-05 11:50:00,337500.0,339000.0,337500.0,337500.0,18339267.0,-3.98,169677.0
2026-06-05 11:55:00,336750.0,336750.0,336000.0,336000.0,18580821.0,-4.41,241554.0
2026-06-05 12:00:00,336500.0,338000.0,336500.0,338000.0,18711158.0,-3.84,130337.0
2026-06-05 12:05:00,337000.0,337000.0,336250.0,336250.0,18915156.0,-4.34,203998.0
2026-06-05 12:10:00,336250.0,337000.0,336000.0,336000.0,19107829.0,-4.41,192673.0
2026-06-05 12:15:00,336000.0,337500.0,336000.0,336250.0,19291428.0,-4.34,183599.0
2026-06-05 12:20:00,336000.0,336750.0,336000.0,336750.0,19436039.0,-4.2,144611.0
2026-06-05 12:25:00,337000.0,338000.0,337000.0,337000.0,19626232.0,-4.13,190193.0
2026-06-05 12:30:00,336500.0,338000.0,336500.0,337000.0,19799319.0,-4.13,173087.0
2026-06-05 12:35:00,337500.0,337500.0,336000.0,336000.0,19885882.0,-4.41,86563.0
2026-06-05 12:40:00,337000.0,337000.0,336000.0,336000.0,20043332.0,-4.41,157450.0
2026-06-05 12:45:00,336250.0,336250.0,334500.0,334500.0,20271405.0,-4.84,228073.0
2026-06-05 12:50:00,334250.0,334500.0,332500.0,332500.0,20485564.0,-5.41,214159.0
2026-06-05 12:55:00,332750.0,334250.0,332750.0,333500.0,20759253.0,-5.12,273689.0
2026-06-05 13:00:00,334000.0,334250.0,333500.0,333500.0,20949978.0,-5.12,190725.0
2026-06-05 13:05:00,333250.0,335000.0,333250.0,333750.0,21155338.0,-5.05,205360.0
2026-06-05 13:10:00,334000.0,334000.0,331000.0,331000.0,21400459.0,-5.83,245121.0
2026-06-05 13:15:00,332000.0,332500.0,331500.0,332250.0,21670225.0,-5.48,269766.0
2026-06-05 13:20:00,332000.0,332500.0,332000.0,332500.0,21796992.0,-5.41,126767.0
2026-06-05 13:25:00,333250.0,333500.0,331500.0,331500.0,22089234.0,-5.69,292242.0
2026-06-05 13:30:00,331500.0,331500.0,330500.0,330500.0,22284468.0,-5.97,195234.0
2026-06-05 13:35:00,331500.0,333000.0,331500.0,333000.0,22505896.0,-5.26,221428.0
2026-06-05 13:40:00,333500.0,334500.0,332500.0,332750.0,22792161.0,-5.33,286265.0
2026-06-05 13:45:00,332500.0,334250.0,332500.0,334000.0,23003241.0,-4.98,211080.0
2026-06-05 13:50:00,334000.0,334500.0,333500.0,334500.0,23214640.0,-4.84,211399.0
2026-06-05 13:55:00,334250.0,335500.0,334250.0,334750.0,23442002.0,-4.77,227362.0
2026-06-05 14:00:00,335250.0,336000.0,334500.0,335500.0,23731569.0,-4.55,289567.0
2026-06-05 14:05:00,335500.0,335500.0,335000.0,335250.0,23887791.0,-4.62,156222.0
2026-06-05 14:10:00,335000.0,335000.0,333500.0,333750.0,24163707.0,-5.05,275916.0
2026-06-05 14:15:00,334000.0,334750.0,333500.0,334500.0,24410885.0,-4.84,247178.0
2026-06-05 14:20:00,335000.0,336000.0,335000.0,336000.0,24603174.0,-4.41,192289.0
2026-06-05 14:25:00,335750.0,335750.0,334500.0,334500.0,24777785.0,-4.84,174611.0
2026-06-05 14:30:00,335000.0,336000.0,335000.0,335500.0,24973931.0,-4.55,196146.0
2026-06-05 14:35:00,335000.0,336000.0,335000.0,335000.0,25179760.0,-4.69,205829.0
2026-06-05 14:40:00,335250.0,335500.0,335000.0,335000.0,25452762.0,-4.69,273002.0
2026-06-05 14:45:00,334000.0,334000.0,333000.0,333000.0,25752068.0,-5.26,299306.0
2026-06-05 14:50:00,332500.0,332750.0,332000.0,332750.0,26129457.0,-5.33,377389.0
2026-06-05 14:55:00,332500.0,332500.0,331000.0,331000.0,26356242.0,-5.83,226785.0
2026-06-05 15:00:00,332000.0,333000.0,332000.0,332500.0,26764382.0,-5.41,408140.0
2026-06-05 15:05:00,333000.0,334000.0,333000.0,333500.0,27106685.0,-5.12,342303.0
2026-06-05 15:10:00,334000.0,334000.0,331000.0,331000.0,27601737.0,-5.83,495052.0
2026-06-05 15:15:00,331000.0,331000.0,330000.0,331000.0,28362721.0,-5.83,760984.0
2026-06-05 15:20:00,330000.0,330000.0,330000.0,330000.0,28441674.0,-6.12,78953.0
2026-06-05 15:25:00,330000.0,330000.0,330000.0,330000.0,28441674.0,-6.12,0.0
2026-06-08 08:30:00,329000.0,329000.0,329000.0,329000.0,211.0,0.0,-28441463.0
2026-06-08 08:35:00,329000.0,329000.0,329000.0,329000.0,282.0,0.0,71.0
2026-06-08 08:40:00,329000.0,329000.0,329000.0,329000.0,286.0,0.0,4.0
2026-06-08 08:45:00,329000.0,329000.0,329000.0,329000.0,286.0,0.0,0.0
2026-06-08 08:50:00,329000.0,329000.0,329000.0,329000.0,286.0,0.0,0.0
2026-06-08 08:55:00,329000.0,329000.0,329000.0,329000.0,286.0,0.0,0.0
2026-06-08 09:00:00,329000.0,329000.0,296000.0,298500.0,2240105.0,-9.27,2239819.0
2026-06-08 09:05:00,298500.0,298500.0,298500.0,298500.0,2240105.0,-9.27,0.0
2026-06-08 09:10:00,298500.0,298500.0,298500.0,298500.0,2240105.0,-9.27,0.0
2026-06-08 09:15:00,298500.0,298500.0,298500.0,298500.0,2240105.0,-9.27,0.0
2026-06-08 09:20:00,298500.0,298500.0,298500.0,298500.0,2240105.0,-9.27,0.0
2026-06-08 09:25:00,298500.0,298500.0,298500.0,298500.0,2240105.0,-9.27,0.0
2026-06-08 09:30:00,298500.0,304500.0,298500.0,304500.0,4074459.0,-7.45,1834354.0
2026-06-08 09:35:00,308000.0,311000.0,307000.0,307000.0,6072963.0,-6.69,1998504.0
2026-06-08 09:40:00,307000.0,307000.0,302500.0,302500.0,7597345.0,-8.05,1524382.0
2026-06-08 09:45:00,302000.0,303500.0,302000.0,303500.0,8544433.0,-7.75,947088.0
2026-06-08 09:50:00,304500.0,304500.0,301000.0,301000.0,9182679.0,-8.51,638246.0
2026-06-08 09:55:00,300500.0,306000.0,300500.0,306000.0,9787164.0,-6.99,604485.0
2026-06-08 10:00:00,305000.0,307000.0,303500.0,303500.0,10559693.0,-7.75,772529.0
2026-06-08 10:05:00,302250.0,303000.0,302250.0,303000.0,11137137.0,-7.9,577444.0
2026-06-08 10:10:00,301500.0,303750.0,301000.0,303750.0,11642190.0,-7.67,505053.0
2026-06-08 10:15:00,302000.0,302000.0,300500.0,301500.0,12125103.0,-8.36,482913.0
2026-06-08 10:20:00,301250.0,301500.0,300500.0,300500.0,12794780.0,-8.66,669677.0
2026-06-08 10:25:00,300000.0,300000.0,298000.0,298000.0,13714648.0,-9.42,919868.0
2026-06-08 10:30:00,298000.0,301000.0,297750.0,300000.0,14322067.0,-8.81,607419.0
2026-06-08 10:35:00,301500.0,301500.0,299500.0,299500.0,14700316.0,-8.97,378249.0
2026-06-08 10:40:00,300000.0,303000.0,300000.0,303000.0,15144887.0,-7.9,444571.0
2026-06-08 10:45:00,303500.0,304500.0,303000.0,304000.0,15702625.0,-7.6,557738.0
2026-06-08 10:50:00,302500.0,305000.0,302500.0,305000.0,16194367.0,-7.29,491742.0
2026-06-08 10:55:00,305750.0,307000.0,305750.0,306250.0,16869109.0,-6.91,674742.0
2026-06-08 11:00:00,307500.0,309000.0,307000.0,309000.0,17431551.0,-6.08,562442.0
2026-06-08 11:05:00,309000.0,309000.0,308000.0,308000.0,17966218.0,-6.38,534667.0
2026-06-08 11:10:00,307500.0,309500.0,306500.0,309500.0,18313708.0,-5.93,347490.0
2026-06-08 11:15:00,310250.0,310250.0,307000.0,307500.0,18801343.0,-6.53,487635.0
2026-06-08 11:20:00,307000.0,309750.0,307000.0,309750.0,19143208.0,-5.85,341865.0
2026-06-08 11:25:00,310500.0,311000.0,310500.0,311000.0,19566121.0,-5.47,422913.0
2026-06-08 11:30:00,312500.0,312500.0,310750.0,312500.0,20141185.0,-5.02,575064.0
2026-06-08 11:35:00,312500.0,313500.0,311500.0,313500.0,20606104.0,-4.71,464919.0
2026-06-08 11:40:00,314000.0,315000.0,313500.0,315000.0,21030695.0,-4.26,424591.0
2026-06-08 11:45:00,314500.0,314500.0,312500.0,312500.0,21409348.0,-5.02,378653.0
2026-06-08 11:50:00,312000.0,314000.0,312000.0,314000.0,21815676.0,-4.56,406328.0
2026-06-08 11:55:00,313500.0,314250.0,312000.0,312500.0,22070057.0,-5.02,254381.0
2026-06-08 12:00:00,312500.0,313000.0,311250.0,311250.0,22333828.0,-5.4,263771.0
2026-06-08 12:05:00,310500.0,313000.0,310500.0,312500.0,22576555.0,-5.02,242727.0
2026-06-08 12:10:00,312250.0,312500.0,310500.0,311000.0,22852645.0,-5.47,276090.0
2026-06-08 12:15:00,311500.0,311500.0,309000.0,309000.0,23085139.0,-6.08,232494.0
2026-06-08 12:20:00,310000.0,311000.0,310000.0,311000.0,23279342.0,-5.47,194203.0
2026-06-08 12:25:00,311250.0,311250.0,310250.0,310250.0,23457905.0,-5.7,178563.0
2026-06-08 12:30:00,310500.0,311500.0,310500.0,310500.0,23636877.0,-5.62,178972.0
2026-06-08 12:35:00,310500.0,311500.0,310500.0,311500.0,23845362.0,-5.32,208485.0
2026-06-08 12:40:00,311250.0,311500.0,311000.0,311000.0,23993778.0,-5.47,148416.0
2026-06-08 12:45:00,311250.0,311500.0,311000.0,311000.0,24209702.0,-5.47,215924.0
2026-06-08 12:50:00,310000.0,311500.0,310000.0,311500.0,24456439.0,-5.32,246737.0
2026-06-08 12:55:00,311000.0,311000.0,309500.0,309500.0,24645159.0,-5.93,188720.0
2026-06-08 13:00:00,311000.0,312000.0,311000.0,311500.0,24859791.0,-5.32,214632.0
2026-06-08 13:05:00,310750.0,311000.0,310500.0,310500.0,25033940.0,-5.62,174149.0
2026-06-08 13:10:00,310500.0,310500.0,310000.0,310000.0,25192343.0,-5.78,158403.0
2026-06-08 13:15:00,310000.0,310500.0,309000.0,309000.0,25388678.0,-6.08,196335.0
2026-06-08 13:20:00,308000.0,308500.0,307250.0,307250.0,25690246.0,-6.61,301568.0
2026-06-08 13:25:00,308500.0,309000.0,308250.0,308500.0,25933218.0,-6.23,242972.0
2026-06-08 13:30:00,309000.0,309500.0,308500.0,308500.0,26098663.0,-6.23,165445.0
2026-06-08 13:35:00,308500.0,309750.0,308250.0,308250.0,26290397.0,-6.31,191734.0
2026-06-08 13:40:00,307750.0,307750.0,305500.0,305500.0,26632674.0,-7.14,342277.0
2026-06-08 13:45:00,305750.0,306250.0,305250.0,305250.0,26875535.0,-7.22,242861.0
2026-06-08 13:50:00,305750.0,306500.0,305000.0,305000.0,27261278.0,-7.29,385743.0
2026-06-08 13:55:00,303500.0,303500.0,303000.0,303500.0,27639595.0,-7.75,378317.0
2026-06-08 14:00:00,304000.0,305500.0,304000.0,305500.0,27942325.0,-7.14,302730.0
2026-06-08 14:05:00,305500.0,305500.0,303500.0,303750.0,28209747.0,-7.67,267422.0
2026-06-08 14:10:00,303500.0,303500.0,300500.0,301500.0,28607850.0,-8.36,398103.0
2026-06-08 14:15:00,301500.0,302500.0,301000.0,302500.0,28986716.0,-8.05,378866.0
2026-06-08 14:20:00,302750.0,303500.0,302750.0,303250.0,29213366.0,-7.83,226650.0
2026-06-08 14:25:00,302000.0,302500.0,302000.0,302000.0,29513682.0,-8.21,300316.0
2026-06-08 14:30:00,302000.0,302000.0,301000.0,301000.0,29855430.0,-8.51,341748.0
2026-06-08 14:35:00,301000.0,301000.0,300000.0,300000.0,30276584.0,-8.81,421154.0
2026-06-08 14:40:00,299500.0,300000.0,299000.0,299500.0,30894061.0,-8.97,617477.0
2026-06-08 14:45:00,298500.0,298500.0,297250.0,297250.0,31486060.0,-9.65,591999.0
2026-06-08 14:50:00,298500.0,298500.0,297250.0,297250.0,32019218.0,-9.65,533158.0
2026-06-08 14:55:00,297500.0,297750.0,297000.0,297750.0,32429538.0,-9.5,410320.0
2026-06-08 15:00:00,298000.0,298500.0,297500.0,298500.0,33041948.0,-9.27,612410.0
2026-06-08 15:05:00,298500.0,299500.0,298500.0,299500.0,33568565.0,-8.97,526617.0
2026-06-08 15:10:00,298500.0,298500.0,296250.0,296250.0,34326551.0,-9.95,757986.0
2026-06-08 15:15:00,296250.0,296250.0,295500.0,295500.0,35538742.0,-10.18,1212191.0
2026-06-08 15:20:00,295500.0,295500.0,295500.0,295500.0,35593672.0,-10.18,54930.0
2026-06-08 15:25:00,295500.0,295500.0,295500.0,295500.0,35593672.0,-10.18,0.0
2026-06-09 08:30:00,295500.0,295500.0,295500.0,295500.0,577.0,0.0,-35593095.0
2026-06-09 08:35:00,295500.0,295500.0,295500.0,295500.0,577.0,0.0,0.0
2026-06-09 08:40:00,295500.0,295500.0,295500.0,295500.0,577.0,0.0,0.0
2026-06-09 08:45:00,295500.0,295500.0,295500.0,295500.0,577.0,0.0,0.0
2026-06-09 08:50:00,295500.0,295500.0,295500.0,295500.0,577.0,0.0,0.0
2026-06-09 08:55:00,295500.0,295500.0,295500.0,295500.0,577.0,0.0,0.0
2026-06-09 09:00:00,295500.0,310500.0,295500.0,308500.0,1982743.0,4.4,1982166.0
2026-06-09 09:05:00,309000.0,309000.0,307000.0,307000.0,2693866.0,3.89,711123.0
2026-06-09 09:10:00,307000.0,309000.0,307000.0,307500.0,3078101.0,4.06,384235.0
2026-06-09 09:15:00,306500.0,309000.0,306500.0,308500.0,3489968.0,4.4,411867.0
2026-06-09 09:20:00,307750.0,307750.0,305500.0,305500.0,3916734.0,3.38,426766.0
2026-06-09 09:25:00,305000.0,306500.0,305000.0,306500.0,4242140.0,3.72,325406.0
2026-06-09 09:30:00,306500.0,306500.0,304500.0,304750.0,4716171.0,3.13,474031.0
2026-06-09 09:35:00,303750.0,305000.0,303500.0,305000.0,5105482.0,3.21,389311.0
2026-06-09 09:40:00,306000.0,306000.0,304000.0,305500.0,5469449.0,3.38,363967.0
2026-06-09 09:45:00,305500.0,306500.0,305500.0,306250.0,5735782.0,3.64,266333.0
2026-06-09 09:50:00,306500.0,306500.0,304750.0,304750.0,5931412.0,3.13,195630.0
2026-06-09 09:55:00,304000.0,305500.0,304000.0,305500.0,6222704.0,3.38,291292.0
2026-06-09 10:00:00,305500.0,305500.0,303500.0,303500.0,6481647.0,2.71,258943.0
2026-06-09 10:05:00,303500.0,304000.0,303000.0,303250.0,6747796.0,2.62,266149.0
2026-06-09 10:10:00,303000.0,303000.0,301500.0,302250.0,7455781.0,2.28,707985.0
2026-06-09 10:15:00,301500.0,302000.0,300500.0,300500.0,7812806.0,1.69,357025.0
2026-06-09 10:20:00,301500.0,304500.0,301500.0,304000.0,8247445.0,2.88,434639.0
2026-06-09 10:25:00,303750.0,304000.0,303000.0,304000.0,8396435.0,2.88,148990.0
2026-06-09 10:30:00,304250.0,306500.0,304250.0,306500.0,8728586.0,3.72,332151.0
2026-06-09 10:35:00,306500.0,307000.0,306500.0,306500.0,9011384.0,3.72,282798.0
2026-06-09 10:40:00,307000.0,307500.0,305500.0,306000.0,9386476.0,3.55,375092.0
2026-06-09 10:45:00,306500.0,306500.0,305750.0,305750.0,9541519.0,3.47,155043.0
2026-06-09 10:50:00,307000.0,307500.0,306500.0,307000.0,9825955.0,3.89,284436.0
2026-06-09 10:55:00,306250.0,307000.0,306250.0,307000.0,10069611.0,3.89,243656.0
2026-06-09 11:00:00,307000.0,307000.0,306000.0,306500.0,10263462.0,3.72,193851.0
2026-06-09 11:05:00,306000.0,306000.0,306000.0,306000.0,10447069.0,3.55,183607.0
2026-06-09 11:10:00,305750.0,307000.0,305750.0,307000.0,10654607.0,3.89,207538.0
2026-06-09 11:15:00,306500.0,306500.0,305500.0,305500.0,10862487.0,3.38,207880.0
2026-06-09 11:20:00,305500.0,305500.0,305000.0,305000.0,11148846.0,3.21,286359.0
2026-06-09 11:25:00,305000.0,305500.0,304000.0,305500.0,11442480.0,3.38,293634.0
2026-06-09 11:30:00,305750.0,306500.0,305500.0,306000.0,11649859.0,3.55,207379.0
2026-06-09 11:35:00,305250.0,305250.0,305000.0,305000.0,11793262.0,3.21,143403.0
2026-06-09 11:40:00,305250.0,306000.0,305250.0,305500.0,11983621.0,3.38,190359.0
2026-06-09 11:45:00,306750.0,306750.0,306000.0,306000.0,12260432.0,3.55,276811.0
2026-06-09 11:50:00,306500.0,306500.0,305250.0,306250.0,12445415.0,3.64,184983.0
2026-06-09 11:55:00,306000.0,306750.0,306000.0,306750.0,12588697.0,3.81,143282.0
2026-06-09 12:00:00,307000.0,307000.0,306000.0,306000.0,12783110.0,3.55,194413.0
2026-06-09 12:05:00,306500.0,307000.0,306500.0,307000.0,12876185.0,3.89,93075.0
2026-06-09 12:10:00,307000.0,307500.0,307000.0,307500.0,13006895.0,4.06,130710.0
2026-06-09 12:15:00,307500.0,308500.0,307500.0,308500.0,13324396.0,4.4,317501.0
2026-06-09 12:20:00,308500.0,309000.0,308500.0,308750.0,13591912.0,4.48,267516.0
2026-06-09 12:25:00,308750.0,309500.0,308500.0,309500.0,13876242.0,4.74,284330.0
2026-06-09 12:30:00,309500.0,310500.0,309000.0,310500.0,14364187.0,5.08,487945.0
2026-06-09 12:35:00,310500.0,311000.0,310500.0,311000.0,14711717.0,5.25,347530.0
2026-06-09 12:40:00,311000.0,311500.0,310500.0,311500.0,15127983.0,5.41,416266.0
2026-06-09 12:45:00,311500.0,311500.0,311250.0,311250.0,15344044.0,5.33,216061.0
2026-06-09 12:50:00,311000.0,311500.0,311000.0,311500.0,15589063.0,5.41,245019.0
2026-06-09 12:55:00,312000.0,312750.0,312000.0,312750.0,15940579.0,5.84,351516.0
2026-06-09 13:00:00,312750.0,312750.0,312250.0,312500.0,16151450.0,5.75,210871.0
2026-06-09 13:05:00,313500.0,313500.0,312500.0,313500.0,16590247.0,6.09,438797.0
2026-06-09 13:10:00,313500.0,314500.0,313500.0,314250.0,16785711.0,6.35,195464.0
2026-06-09 13:15:00,314500.0,318000.0,314500.0,318000.0,17489791.0,7.61,704080.0
2026-06-09 13:20:00,315500.0,317000.0,315500.0,317000.0,17950561.0,7.28,460770.0
2026-06-09 13:25:00,317000.0,318500.0,317000.0,318000.0,18370616.0,7.61,420055.0
2026-06-09 13:30:00,317500.0,319500.0,317500.0,319000.0,19038240.0,7.95,667624.0
2026-06-09 13:35:00,319500.0,321000.0,319500.0,321000.0,19478209.0,8.63,439969.0
2026-06-09 13:40:00,322000.0,322000.0,319000.0,319000.0,20071626.0,7.95,593417.0
2026-06-09 13:45:00,319000.0,320500.0,319000.0,319500.0,20413865.0,8.12,342239.0
2026-06-09 13:50:00,319000.0,319000.0,317500.0,318000.0,20756315.0,7.61,342450.0
2026-06-09 13:55:00,319500.0,319500.0,319000.0,319500.0,20967906.0,8.12,211591.0
2026-06-09 14:00:00,318500.0,320500.0,318500.0,320500.0,21229176.0,8.46,261270.0
2026-06-09 14:05:00,320500.0,321000.0,319000.0,319000.0,21550733.0,7.95,321557.0
2026-06-09 14:10:00,319000.0,320000.0,319000.0,320000.0,21780517.0,8.29,229784.0
2026-06-09 14:15:00,320000.0,320000.0,319000.0,319500.0,21937154.0,8.12,156637.0
2026-06-09 14:20:00,319500.0,319500.0,318250.0,319500.0,22158258.0,8.12,221104.0
2026-06-09 14:25:00,319000.0,320000.0,319000.0,319250.0,22320309.0,8.04,162051.0
2026-06-09 14:30:00,318500.0,322000.0,318500.0,322000.0,22786624.0,8.97,466315.0
2026-06-09 14:35:00,322000.0,323000.0,322000.0,323000.0,23099786.0,9.31,313162.0
2026-06-09 14:40:00,322000.0,322000.0,321000.0,321250.0,23384095.0,8.71,284309.0
2026-06-09 14:45:00,321500.0,324000.0,321500.0,323500.0,23707422.0,9.48,323327.0
2026-06-09 14:50:00,322500.0,322500.0,321000.0,321000.0,24002287.0,8.63,294865.0
2026-06-09 14:55:00,319500.0,320500.0,319000.0,320500.0,24356511.0,8.46,354224.0
2026-06-09 15:00:00,319000.0,320000.0,318500.0,318500.0,24709935.0,7.78,353424.0
2026-06-09 15:05:00,318000.0,319500.0,318000.0,319500.0,25022819.0,8.12,312884.0
2026-06-09 15:10:00,319500.0,322000.0,319500.0,322000.0,25547803.0,8.97,524984.0
2026-06-09 15:15:00,322500.0,322500.0,322000.0,322500.0,26106636.0,9.14,558833.0
2026-06-09 15:20:00,322000.0,322000.0,322000.0,322000.0,26122035.0,8.97,15399.0
2026-06-09 15:25:00,322000.0,322000.0,322000.0,322000.0,26122035.0,8.97,0.0
2026-06-10 08:35:00,322000.0,322000.0,322000.0,322000.0,106.0,0.0,-26121929.0
2026-06-10 08:40:00,322000.0,322000.0,322000.0,322000.0,106.0,0.0,0.0
2026-06-10 08:45:00,322000.0,322000.0,322000.0,322000.0,106.0,0.0,0.0
2026-06-10 08:50:00,322000.0,322000.0,322000.0,322000.0,106.0,0.0,0.0
2026-06-10 08:55:00,322000.0,322000.0,322000.0,322000.0,106.0,0.0,0.0
2026-06-10 09:00:00,311000.0,312500.0,310500.0,312500.0,1972267.0,-2.95,1972161.0
2026-06-10 09:05:00,311500.0,314000.0,311500.0,312750.0,2615918.0,-2.87,643651.0
2026-06-10 09:10:00,314000.0,314000.0,312000.0,312000.0,3052532.0,-3.11,436614.0
2026-06-10 09:15:00,312500.0,312500.0,310000.0,310000.0,3561485.0,-3.73,508953.0
2026-06-10 09:20:00,310500.0,311500.0,310000.0,311500.0,3873270.0,-3.26,311785.0
2026-06-10 09:25:00,310500.0,311000.0,310500.0,310500.0,4097912.0,-3.57,224642.0
2026-06-10 09:30:00,310500.0,310500.0,307500.0,308000.0,4706094.0,-4.35,608182.0
2026-06-10 09:35:00,309000.0,309000.0,308000.0,308500.0,5194572.0,-4.19,488478.0
2026-06-10 09:40:00,308000.0,308000.0,306500.0,306500.0,5494126.0,-4.81,299554.0
2026-06-10 09:45:00,306250.0,306750.0,306000.0,306750.0,5897297.0,-4.74,403171.0
2026-06-10 09:50:00,306000.0,307000.0,306000.0,306500.0,6367923.0,-4.81,470626.0
2026-06-10 09:55:00,306750.0,307500.0,306500.0,306500.0,6676785.0,-4.81,308862.0
2026-06-10 10:00:00,307000.0,308000.0,306000.0,307500.0,7085350.0,-4.5,408565.0
2026-06-10 10:05:00,307500.0,308000.0,306750.0,308000.0,7299340.0,-4.35,213990.0
2026-06-10 10:10:00,306500.0,308500.0,306500.0,308000.0,7507641.0,-4.35,208301.0
2026-06-10 10:15:00,307750.0,310000.0,307750.0,310000.0,7756992.0,-3.73,249351.0
2026-06-10 10:20:00,310000.0,310000.0,307000.0,307000.0,8061612.0,-4.66,304620.0
2026-06-10 10:25:00,306750.0,308000.0,306750.0,307750.0,8247687.0,-4.43,186075.0
2026-06-10 10:30:00,306500.0,307250.0,306500.0,307250.0,8478079.0,-4.58,230392.0
2026-06-10 10:35:00,308250.0,309000.0,307250.0,309000.0,8722460.0,-4.04,244381.0
2026-06-10 10:40:00,309000.0,309000.0,307250.0,307250.0,8899850.0,-4.58,177390.0
2026-06-10 10:45:00,307500.0,308250.0,306750.0,308250.0,9070044.0,-4.27,170194.0
2026-06-10 10:50:00,308000.0,308000.0,306500.0,307000.0,9253219.0,-4.66,183175.0
2026-06-10 10:55:00,307000.0,307500.0,307000.0,307000.0,9382134.0,-4.66,128915.0
2026-06-10 11:00:00,306500.0,306750.0,306250.0,306250.0,9612342.0,-4.89,230208.0
2026-06-10 11:05:00,306250.0,306250.0,305750.0,305750.0,9779934.0,-5.05,167592.0
2026-06-10 11:10:00,305750.0,306500.0,305000.0,305000.0,10086437.0,-5.28,306503.0
2026-06-10 11:15:00,305250.0,305500.0,305000.0,305000.0,10503874.0,-5.28,417437.0
2026-06-10 11:20:00,305000.0,305000.0,304250.0,304500.0,10751686.0,-5.43,247812.0
2026-06-10 11:25:00,304000.0,305000.0,303500.0,305000.0,11010933.0,-5.28,259247.0
2026-06-10 11:30:00,305000.0,305250.0,304000.0,304000.0,11195892.0,-5.59,184959.0
2026-06-10 11:35:00,303500.0,305000.0,303500.0,304500.0,11322602.0,-5.43,126710.0
2026-06-10 11:40:00,304000.0,305000.0,304000.0,305000.0,11530385.0,-5.28,207783.0
2026-06-10 11:45:00,305000.0,305500.0,305000.0,305500.0,11627815.0,-5.12,97430.0
2026-06-10 11:50:00,306000.0,306000.0,304500.0,304500.0,11779825.0,-5.43,152010.0
2026-06-10 11:55:00,304750.0,305500.0,304750.0,305000.0,11883393.0,-5.28,103568.0
2026-06-10 12:00:00,305000.0,306000.0,305000.0,305500.0,12017714.0,-5.12,134321.0
2026-06-10 12:05:00,306250.0,307000.0,306250.0,307000.0,12149334.0,-4.66,131620.0
2026-06-10 12:10:00,306500.0,307000.0,306500.0,306500.0,12255265.0,-4.81,105931.0
2026-06-10 12:15:00,307000.0,308000.0,307000.0,307500.0,12433147.0,-4.5,177882.0
2026-06-10 12:20:00,306500.0,307000.0,306500.0,306750.0,12551805.0,-4.74,118658.0
2026-06-10 12:25:00,306500.0,306500.0,305500.0,306000.0,12655886.0,-4.97,104081.0
2026-06-10 12:30:00,305000.0,305500.0,305000.0,305250.0,12824655.0,-5.2,168769.0
2026-06-10 12:35:00,305250.0,305250.0,304750.0,305000.0,12948972.0,-5.28,124317.0
2026-06-10 12:40:00,305000.0,305000.0,304250.0,304250.0,13119257.0,-5.51,170285.0
2026-06-10 12:45:00,304000.0,304500.0,303500.0,303500.0,13314979.0,-5.75,195722.0
2026-06-10 12:50:00,303750.0,303750.0,303000.0,303750.0,13650405.0,-5.67,335426.0
2026-06-10 12:55:00,303500.0,303750.0,303000.0,303250.0,13839025.0,-5.82,188620.0
2026-06-10 13:00:00,303250.0,303250.0,302000.0,302000.0,14187271.0,-6.21,348246.0
2026-06-10 13:05:00,302500.0,302500.0,301500.0,301500.0,14428212.0,-6.37,240941.0
2026-06-10 13:10:00,301750.0,301750.0,301000.0,301000.0,14629480.0,-6.52,201268.0
2026-06-10 13:15:00,301250.0,302000.0,300500.0,301000.0,14996688.0,-6.52,367208.0
2026-06-10 13:20:00,301250.0,301250.0,301250.0,301250.0,15044730.0,-6.44,48042.0
2026-06-10 13:25:00,299750.0,299750.0,299250.0,299250.0,16101443.0,-7.07,1056713.0
2026-06-10 13:30:00,299000.0,299000.0,298500.0,298500.0,16451366.0,-7.3,349923.0
2026-06-10 13:35:00,300000.0,300000.0,298500.0,299000.0,16849319.0,-7.14,397953.0
2026-06-10 13:40:00,299000.0,299000.0,297500.0,297500.0,17193996.0,-7.61,344677.0
2026-06-10 13:45:00,297500.0,298000.0,297000.0,298000.0,17780387.0,-7.45,586391.0
2026-06-10 13:50:00,299500.0,301000.0,299500.0,301000.0,18255069.0,-6.52,474682.0
2026-06-10 13:55:00,301000.0,301000.0,298000.0,298000.0,18620514.0,-7.45,365445.0
2026-06-10 14:00:00,298500.0,298750.0,298250.0,298750.0,18904811.0,-7.22,284297.0
2026-06-10 14:05:00,299000.0,300500.0,299000.0,299500.0,19158012.0,-6.99,253201.0
2026-06-10 14:10:00,299500.0,300000.0,299000.0,299500.0,19373345.0,-6.99,215333.0
2026-06-10 14:15:00,298500.0,298500.0,297750.0,297750.0,19687923.0,-7.53,314578.0
2026-06-10 14:20:00,297500.0,297500.0,297250.0,297250.0,19994276.0,-7.69,306353.0
2026-06-10 14:25:00,297250.0,299500.0,297250.0,299500.0,20332152.0,-6.99,337876.0
2026-06-10 14:30:00,299750.0,299750.0,299000.0,299000.0,20633441.0,-7.14,301289.0
2026-06-10 14:35:00,298000.0,298000.0,297500.0,298000.0,20881388.0,-7.45,247947.0
2026-06-10 14:40:00,297500.0,297500.0,296500.0,296500.0,21309198.0,-7.92,427810.0
2026-06-10 14:45:00,296750.0,296750.0,295500.0,295500.0,21851527.0,-8.23,542329.0
2026-06-10 14:50:00,296250.0,298000.0,296250.0,298000.0,22253255.0,-7.45,401728.0
2026-06-10 14:55:00,299500.0,299500.0,298500.0,298500.0,22564388.0,-7.3,311133.0
2026-06-10 15:00:00,299500.0,300500.0,299500.0,300500.0,22990918.0,-6.68,426530.0
2026-06-10 15:05:00,301000.0,301500.0,301000.0,301000.0,23503884.0,-6.52,512966.0
2026-06-10 15:10:00,300500.0,301000.0,300000.0,301000.0,23708358.0,-6.52,204474.0
2026-06-10 15:15:00,301000.0,303000.0,301000.0,303000.0,24201316.0,-5.9,492958.0
2026-06-10 15:20:00,303000.0,303000.0,303000.0,303000.0,24242394.0,-5.9,41078.0
2026-06-10 15:25:00,303000.0,303000.0,303000.0,303000.0,24242394.0,-5.9,0.0
2026-06-11 09:00:00,293000.0,293000.0,288500.0,288500.0,1629813.0,-4.63,-22612581.0
2026-06-11 09:05:00,289000.0,290500.0,289000.0,289000.0,2179901.0,-4.46,550088.0
2026-06-11 09:10:00,289000.0,292500.0,289000.0,292000.0,2624131.0,-3.47,444230.0
2026-06-11 09:15:00,292750.0,296000.0,292750.0,296000.0,3469316.0,-2.15,845185.0
2026-06-11 09:20:00,295500.0,296250.0,294500.0,296250.0,4179444.0,-2.07,710128.0
2026-06-11 09:25:00,294000.0,295500.0,294000.0,295000.0,4710073.0,-2.48,530629.0
2026-06-11 09:30:00,293500.0,294500.0,292750.0,292750.0,5190497.0,-3.22,480424.0
2026-06-11 09:35:00,292500.0,293000.0,291500.0,291500.0,5541734.0,-3.64,351237.0
2026-06-11 09:40:00,290750.0,292500.0,290750.0,291000.0,5818761.0,-3.8,277027.0
2026-06-11 09:45:00,292000.0,293000.0,292000.0,293000.0,6107310.0,-3.14,288549.0
2026-06-11 09:50:00,294000.0,297250.0,294000.0,297250.0,6516030.0,-1.74,408720.0
2026-06-11 09:55:00,298000.0,299000.0,297500.0,298750.0,7107911.0,-1.24,591881.0
2026-06-11 10:00:00,297250.0,301000.0,297250.0,301000.0,7646072.0,-0.5,538161.0
2026-06-11 10:05:00,301500.0,301500.0,300500.0,301500.0,8002998.0,-0.33,356926.0
2026-06-11 10:10:00,303000.0,306000.0,303000.0,306000.0,8668774.0,1.16,665776.0
2026-06-11 10:15:00,306000.0,306000.0,301500.0,301500.0,9355248.0,-0.33,686474.0
2026-06-11 10:20:00,302000.0,302250.0,300500.0,300500.0,9809795.0,-0.66,454547.0
2026-06-11 10:25:00,302500.0,304000.0,301500.0,304000.0,10145250.0,0.5,335455.0
2026-06-11 10:30:00,305000.0,305500.0,302000.0,302000.0,10646338.0,-0.17,501088.0
2026-06-11 10:35:00,302500.0,303750.0,302000.0,303750.0,10986064.0,0.41,339726.0
2026-06-11 10:40:00,303750.0,305000.0,303750.0,304000.0,11225089.0,0.5,239025.0
2026-06-11 10:45:00,304000.0,304000.0,303500.0,303500.0,11518126.0,0.33,293037.0
2026-06-11 10:50:00,304250.0,304250.0,302000.0,302000.0,11827451.0,-0.17,309325.0
2026-06-11 10:55:00,301500.0,301500.0,300500.0,301000.0,12128865.0,-0.5,301414.0
2026-06-11 11:00:00,300500.0,301750.0,300250.0,300250.0,12309056.0,-0.74,180191.0
2026-06-11 11:05:00,301000.0,301000.0,300000.0,300500.0,12479750.0,-0.66,170694.0
2026-06-11 11:10:00,300000.0,300000.0,297500.0,297500.0,12807666.0,-1.65,327916.0
2026-06-11 11:15:00,298000.0,298000.0,296500.0,296500.0,13058027.0,-1.98,250361.0
2026-06-11 11:20:00,296750.0,297500.0,294500.0,294500.0,13401458.0,-2.64,343431.0
2026-06-11 11:25:00,294500.0,296500.0,294500.0,295250.0,13706285.0,-2.4,304827.0
2026-06-11 11:30:00,295500.0,296500.0,295500.0,295500.0,13930550.0,-2.31,224265.0
2026-06-11 11:35:00,294500.0,296500.0,294500.0,296500.0,14227108.0,-1.98,296558.0
2026-06-11 11:40:00,297000.0,297000.0,296500.0,296500.0,14411369.0,-1.98,184261.0
